,Usernames
0,I_love_Joobs
1,magnolia23530
2,mi_uterus
3,ladybugbuddhist
4,snatchslavery
5,janet60286241
6,sugarcopy
7,annavin19042468
8,GodIsAWomaNFT
9,Merrittocrat
10,SantaFeNOW
11,sosandrapark
12,womensrights415
13,OldColonyCast
14,LuigiAuriem
15,christianwrong1
16,samyterll
17,BlueheartedEm
18,benastill5
19,Lusia44455268
20,R_Diddy_
21,LandgrebeKaren
22,WOMB622
23,GREENNE23997803
24,dave4labour
25,Margare00815929
26,EmilyFeiner
27,GoFo_Please
28,F33tw00dMac
29,khtReina
30,NatLMorrissey
31,WhenSheWas10
32,chippivenusian
33,redorand
34,SatanicPolitics
35,ann_macnamee
36,4wiles
37,marianne_lister
38,Lily37318936
39,pro_choice_nft
40,GamblingChimps
41,HunterJeannieM
42,Di_mi_nombre_
43,MissBilious
44,_Its_Just_Si_
45,zingerbea
46,dandelion621
47,RenegadeMental
48,ayeroblivion
49,captflygirl
50,Shai_ressa
51,tokeativity
52,Grace_Fozard
53,ScottMcKinney63
54,rebecca_buval
55,Al_Marie_
56,SajayMenon
57,ishirtedit
58,DonnaSmith59
59,martimoore17
60,SteffieJH
61,CharlotteVolde1
62,LupiitaA2011
63,Bren_Harrington
64,Knoxing
65,Gardenchik
66,contonolatino
67,SnackBreezy
68,NatalieBeeler
69,USRepKCastor
70,ShannynDayle13
71,KristaWelsch
72,wild_are_we
73,riverxena
74,dreamin_jade
75,SSchubertPower
76,SharonB61897211
77,Cgilbert79
78,reanna_274
79,FuzzyJessJess
80,sherrir4192
81,winsomeone1
82,Tricia909am
83,avaniehira
84,grace32890
85,MDunkley007
86,transdvwarrior
87,LukromChan
88,Gbracy3
89,bestcoastxo32
90,lesley_32
91,LaurelMarlantes
92,n_gasperoni
93,ericapeesh
94,APlevek
95,Llewellynarts
96,HeroineVenomous
97,Spartanforlife
98,MrChicago58
99,JoannOughton
100,Core_tack
101,limpbizkip
102,BriarWood_rlgrl
103,rae_com32
104,Shelley45681667
105,hannafluhr
106,MPWR2
107,Emelia_WithAnE
108,bperkx
109,lizfl02
110,maiaschair
111,SCWatt
112,cbear120
113,tomslick42
114,andifoo
115,13CookieTote
116,cherithsebolt
117,themusekill
118,sabrinaguyll
119,ol_gabie
120,erinwillett
121,margolim2
122,49Owls
123,shabla76
124,beatrizprey
125,orsburnfam
126,LOVElSRELIGION
127,gohawksgal
128,WhenDidISayThis
129,CalAlumni81
130,ggprp11
131,MaryLKowalczyk
132,garystout16
133,Kermit920
134,susanoak1
135,d_val1
136,jamie17012029
137,glowascii
138,JulietPLee
139,Ellen46472310
140,LindaSn58810489
141,CJLewisEsq
142,SunnyHamrick
143,rphellerman
144,saneswampdrainr
145,Tasha_MSW
146,cutter123089
147,Maxlogan1112
148,karenlaurie25
149,WilliamBornhoft
150,wisteriawillows
151,chas34345186
152,ljbabione
153,clwtasley
154,jnjmum12
155,monet_roese
156,abc7kristensze
157,vnhines
158,Stalemate_delay
159,luiis_4
160,HouseJudiciary
161,JKazadi
162,biziwoman
163,TriciaWajda
164,hjansert
165,luxmutt
166,tyforthehealing
167,ismisantant1981
168,TracyDeines7
169,stefiixoxo
170,LauraM62
171,KristenRSheafer
172,TosaBookNerd
173,user33004
174,patty_blind
175,JonesTjay01a
176,joceybird
177,Vonnalol
178,Ankrel1904
179,LeftyfrrCal
180,jkochar
181,mcslog
182,lixinyang258014
183,mrjyn
184,thatsehatsupdoc
185,JennLoomis1
186,OdetteOverton
187,KevinCrabtree2
188,rissajune
189,julia_rose_pell
190,AmyOBG411
191,Willymina3
192,BirnbaumMarissa
193,ship_ca
194,runs_circles
195,DorinePadilla3
196,F_A_Everett
197,JesuslugoJr4Az
198,Abortion_Finder
199,baileybaxter129
200,rocio_today
201,ErikRosalesNews
202,BVaughnK
203,ThatCNMfromMI
204,notsarahgray
205,choice_ally
206,enock_asamba
207,margujacobson
208,_presidentpoole
209,KMH0056
210,RichardDavisJr8
211,Dabido87
212,LisaMcCormickNJ
213,martha_spieker
214,elanabloom1
215,Queen4Janice92
216,FNN_on_YT
217,carla68
218,hunterjcutler
219,rxladyeb
220,EdOreos
221,famplandoc
222,BlkElleWoods888
223,RonSilv80931409
224,pcanttelluss
225,charlieo553
226,the_OGshortyy
227,saintpswayze
228,QuigleyCampaign
229,FilenOrlagh
230,KendrickTona
231,KwerkyR
232,ethan10243
233,nomoreborders22
234,HypeThiem
235,ErenForGeorgia
236,lamechparadise
237,Rosita80314255
238,littlecodingbee
239,SaraBellum2021
240,andalsoplus
241,emil_ciorann
242,Ashley_obgyn
243,Angelicah98
244,lyconrad
245,Mo_Edmund15
246,HRCwon2016
247,ReproHoe
248,GordonM06867483
249,PeerlessBen
250,TITANINC1_1
251,kyle_iridian
252,thatlaurenyoung
253,SunnyBeachinbu
254,Anj23reb
255,maddmammy
256,olearypd
257,sonyaann1
258,DamskyPhoebe
259,bluebyred
260,JediBabs
261,casssemyon
262,ctfeliz
263,jcapo444
264,pcschichtel
265,kristend_33
266,lavndr_macaron
267,caitperucc
268,PeachNurse19
269,AnneBoleyn_666
270,ecthompsonmd
271,emywaz
272,maddramaqueen
273,NealforCD1
274,Newtmo214
275,nonalignedem
276,ITSMEAGAIN70118
277,lornadoyle69
278,RepBonnie
279,ChooseChesbro
280,DrAdrianJ
281,be_versed
282,ChaplainDan888
283,bouchard3_cj
284,brideofxdragons
285,pastoutvintage
286,Sjoy214
287,ember_eden
288,GBrennanSC
289,abbie0105
290,lnelmay
291,crystalbritches
292,RebecaJ71964465
293,wizzdumb1234
294,apoc_meow
295,RozMartinez
296,Linda_Rasch
297,AmandaKhan310
298,murftaz
299,Nobody91201242
300,mimsnancymims
301,DianeDulken
302,MaineP73
303,RangerDangerU2
304,MeganPersists
305,ToledoPersists
306,marcusferrolaw
307,Standup52168669
308,DeezBeesKneez
309,tweetsofMaria
310,RepDean
311,TracyTowle
312,JolivasBrown4
313,KingHistoryVIII
314,JohnMorWhatever
315,fountpenchristy
316,psycholing
317,reprocolumbia
318,_Prochoice_
319,MomsForChoice
320,JDiezcte
321,HeatherSOConne1
322,carl_y_t
323,art2heal
324,realZeldaLondon
325,skittykirkland
326,graycbarrington
327,DrManisitDas
328,SamWallace907
329,BradburyMarla
330,jslukas1867
331,MarceauPolitics
332,danielchaitkin
333,am_choosen_One
334,GulAysegul
335,MybodyMyrightss
336,rbrolston
337,JordanLHippie
338,tolaurak
339,fight4_ukraine
340,DallyBoo222
341,easterli
342,CarolAu50237798
343,OK86639429
344,breannarose1
345,abbylkempton
346,reneeb44134667
347,pprowomenn
348,graciemelinda
349,PersephonesPomy
350,CAChambers51
351,heidilwarren
352,andykachor
353,Nurse1L
354,1hikid
355,dnembrovolt
356,GopSux2
357,DripLeary
358,ARandomDem1
359,Brand_Sophia
360,lee_revere
361,MerrylGladstone
362,Leslo_19
363,TheRagoCat
364,cow_tongue99
365,7HeyJude
366,TWLCollective
367,Ann76498196
368,lesbiantech
369,TheMighty_Bean
370,piranhapandabb
371,stompella
372,MuddySteeltoes
373,MsDarcyFarrow
374,xMissRenx
375,RWilliams48239
376,smtwnhumanist
377,missingnolanFL
378,rejectedcows
379,MooPoint91
380,maximizeDNA
381,Lauren_5cents
382,katanders
383,MaryVarshini108
384,emmalydon26
385,_soph_spaghetti
386,RosieRibbiting
387,RepCardenas
388,pattidan
389,Linda_Hansen47
390,J9_Ramsey
391,hanntreez
392,mr_butlertron
393,LaurenF_Johnson
394,bigdix1606
395,Paden1985
396,jui0k_
397,johannamirenda
398,EmilieMorris
399,Tony000524340
400,MirandaMillang
401,jillLuvsTrees
402,Lolo_Estrin
403,mbc4kindness
404,EmilyEversonNJ
405,SEAROSE19606266
406,FemministFatale
407,Sydneyykel
408,Blueberry_bat
409,highergtv
410,LoveShinyRocks
411,Kristin58217003
412,4Cristela
413,halpetersiv
414,henry_DC98
415,dsfreiberg
416,SLevinWashDC
417,ceciliavcabello
418,AdinaDan9
419,HearMeRoar53881
420,jpeterse5525
421,KwistTim
422,Golsfish_Sushi
423,LisaReibstein
424,LaylaTab
425,Jenny_Boom21
426,MorganRHill
427,AndrewArbogast
428,MsBEnglish2
429,sam_walshie
430,biguscman
431,bruant_becca
432,IrishFPA
433,yanieto
434,el_p87
435,claireteylouni
436,mintimm
437,groindexter
438,sion_bell
439,SkepticGuy77
440,simplyimpartial
441,biipulroy
442,okcivilaction
443,aneworderofages
444,Berkeley411
445,TsuraNuri
446,carolinekkatz
447,abrakman
448,kristamastel
449,KariGlezGarcia
450,RobK8000
451,ReginaGBranca
452,prochoiceforal1
453,lorirothe
454,GabyBenazar
455,NatalieThumb
456,JamesForAR
457,NudistDudist
458,DoloresMazzara1
459,abellsboy
460,econforlunch
461,BriFaery
462,matthew_nicklin
463,comphead
464,MoffaForPA142
465,NickHeselton
466,AntSeattle
467,youngonejy
468,LarbieGladys
469,ScottishSiren13
470,vuser420
471,KaryMoss
472,LoriDansby1
473,chhelssea_rg
474,KatrinaWTE
475,KobyLeeReeder
476,jami_obrien
477,MollyShine6
478,CJOB888
479,SchooleyAlison
480,wandastroganoff
481,horsehuckster
482,AshleyW_Texas
483,gabbywadee
484,TiffHeartsTea
485,EttaJamesFan1
486,HLiz13
487,kk2211
488,vbaronesf
489,samhitasub9
490,woodsfern
491,monicaagriff
492,LADIRENN
493,jcalchemist
494,NidaAllam
495,pqpvcs
496,terahg129
497,OMG_WTF_GTFO
498,shuwaskiyoung
499,sophie_grace99
500,TereKirkland
501,FashionandFaith
502,shirleyekaiser
503,love_poos
504,sa_raiiii
505,johannafor37
506,slichaver
507,kmd666
508,petekjohnson
509,neofin
510,jkramer6770
511,ishprobirthsays
512,HerStoryAL
513,samuel_satt
514,AlyBancroft
515,simsdemocracy
516,60_wyatt
517,peterduka66
518,RadicDisability
519,polombiagov
520,mkfran
521,HayleyKupinsky
522,SethDrakeKY
523,madhana
524,ChooseWild
525,nkon40
526,MLorenaGonzalez
527,TheFerron
528,melissa__w
529,OliveOwl6
530,KyleMck61879371
531,aSoftBlackStar
532,ThiamTeunk
533,Vote_no_AR_2022
534,Kenny118558641
535,amyjcotton
536,SoggyNico
537,words_with_ash
538,DetAdrianMonk
539,VickiRagerColon
540,DawnW17991585
541,tkippy68
542,freethepill
543,1drcole
544,_TheAlexandria_
545,Jorge9910t
546,RockeyLaw
547,krisburt807
548,jmr421
549,KirtleyLia
550,Rodrigo__F2005
551,jensdad4biden
552,MrGerrenalist
553,ghostillusiona
554,_madeofstardust
555,Boom_Shawn
556,1010_mane
557,StacyJo52612401
558,maddybuss
559,troywyoung
560,KeiferMA
561,IpasOrg
562,ppglobe
563,kkalkstein
564,news4menews4me
565,caityrogo
566,b_i_l_I_i_e
567,SierraMalvitz
568,spatterson2020
569,gigilarue9
570,jadesignphoto
571,joyholmberg
572,GoTeamVenture
573,NotIncubator
574,EllebaybayXO
575,electtylercrone
576,rameshwari85
577,c_langhorne
578,side_show_mel
579,DrJeanlus
580,snowstormyou
581,ArkDemWomen
582,wrennn12
583,amy2pt0
584,sarahlhaviland
585,Fos_Feminista
586,yourfirestarter
587,sievefistedfind
588,jinjinagogo
589,Leamander1
590,sarjen1311
591,nadiarahmansf
592,E_Kelleher6
593,agmazur
594,HELLLL_YEAHH
595,SimonLi_DC
596,natashakieval
597,Kaplan4Oakland
598,NFPCenters
599,LauraMarie1972
600,tania_laden
601,ben_gerstein
602,NFTMasterpiece
603,JessieDamazyn
604,sarabraun28
605,pozdragon64
606,WitchesFor
607,ZRFlowers
608,NathanielOppen4
609,cierrarmstrong
610,jamisroom
611,rumlovingrocker
612,RenegadeSammie
613,TripleThreat_MD
614,sandranegron
615,LGB_222
616,MySMFM
617,RalphonT
618,MBHastings94
619,iamajelly_donut
620,laflame_rach
621,SaraTabaie
622,ADasguptaPhD
623,elagardiner
624,SofEnCol
625,laricca__
626,WiseLionMan
627,GoldbergH44
628,BowieMaroney90
629,JECDems
630,NathanFaris5
631,NickyMPH
632,MirandaFromDL
633,venturectweet
634,nance_dawn
635,ScargJ
636,KaroKemp
637,DHipgecko
638,jdlovitz
639,erythromancy
640,MicahMae05
641,BtheChangeUsek
642,ree0017
643,BobBradyPHL
644,pinklionheart
645,taeserabu1
646,roop7388494
647,LayjudgeMimo
648,HannahMadsen15
649,ollieishandsome
650,JFASD_ORG
651,frnrodriguez
652,flxcollin
653,BroCordero
654,AlrightyThen202
655,Xoxo_IVY_xoxo13
656,Blue_Raon0411
657,Proknowledge_
658,teenmilk1
659,JuanVargas4CA
660,glitt3ri3
661,EdisonEdgar56
662,TonyaHouseCart1
663,DanielVliet2
664,LeeGrimesEvans
665,PUNkyDoobster
666,ninavizz
667,PCMAction
668,RepRaulGrijalva
669,reprojusticenix
670,craig_schaffer
671,Stennett4Senate
672,18DianneM
673,IgOrKoPaLiAnO
674,LateNightLeivan
675,LilyPad1803
676,SmithTuri
677,Angeliquewrites
678,DrCMBoraas
679,spsaki
680,ellieablaser
681,shimmylissa
682,NJ_Letters
683,5tephaniehan5on
684,OfficalRCDP
685,unique412
686,michmccarthy
687,ElfegaBaca
688,eileenvan55
689,Ca28378423Jacob
690,BostonSue72
691,pamelaferrante3
692,LiseUllman
693,JoshuaMisrack
694,JGibsonDem
695,LauraOrban
696,BlackBadl
697,E_R_Slogar
698,marktmullin
699,SarahMacDunn
700,DirtyNerney
701,jamieizskye
702,akmcquade
703,glowbug28
704,ameavhie_ella
705,RostroZin
706,Jwu668Wu
707,PrivacyPoll
708,margie845
709,RepHankJohnson
710,meredithllee
711,laurel_noack
712,Rebecca46789101
713,MorinJustyn
714,ronipowell417
715,LisaLis70232483
716,budussybro
717,citizenerese
718,carolboscatto
719,alohalalaluluhu
720,Jayarc367558421
721,jrstrain74
722,aggggggggggah
723,ChelseaBlink
724,DWCUP727
725,KathleenMRogers
726,katyjean57
727,GeneidShahinaz
728,TheGoatOnFire
729,mcoupe92
730,Bibigbootyhoe
731,Marisa_Bearak
732,reedej12
733,ThysLourens12
734,AnolickSophie
735,DrTahaSadek
736,BonnieJ09596506
737,8r17k1d
738,jaxonhjk
739,sqhsmith
740,Verses4Warnock
741,grace_chafee
742,smoky_elvira
743,yunaT0861
744,mom2nyc
745,LizzieAttitude
746,Jeffrey_Warren
747,Adoptees4Choice
748,tahaneebean
749,ButterflyPaintA
750,PirateJoie
751,Gina62408190
752,audreyshi24
753,NurseFuturist
754,CCFoote22
755,Johny_GT
756,yupitsyancy
757,mteaches
758,dsbhisher
759,CindyRooWho
760,J_Harding
761,ashtreebees
762,AwhonnAdvocacy
763,taliaswlcek
764,k8tlinbarajas
765,katecma
766,anazniegiobob
767,talktonytran
768,NatalieHenkhaus
769,Vrait_Verity
770,EmDotRhodes
771,OperaInTheCourt
772,Batch4Change
773,KevinBr79148762
774,ElainaSkyD
775,PeskyJski
776,pearltexmom
777,no2_battletype
778,dogandperson
779,TheRealRobDowdy
780,sayitloudrleiva
781,kiaguarino
782,robert_crohan
783,stemmler448
784,SonnyShorz
785,NickSweet8191
786,rango69420
787,buprochoice
788,maclovioperez7
789,_colbyc
790,Sojourner_pt2
791,TJang04
792,RhondaSBurnett
793,igorristic87
794,gracieminabox
795,Jefferson_Rat
796,ginajellybeana7
797,amy_townley
798,KrystinMyNBC5
799,sunrisepuget
800,whitcomb_julie
801,aguasaladadulce
802,tate36482367
803,biscotti63
804,calslighter
805,P53Mdm2
806,choseno32838429
807,BBoligjr
808,NiqueWillx
809,23jlevyJonah
810,elephantjournal
811,SoCalJoy
812,brittani__np
813,RepMoniqueSmith
814,LenaO45180715
815,IOWAcheermom
816,RepAndyLevin
817,RepTeresaLF
818,zecivics2
819,usieit
820,gailcg6011
821,Melanated_M_E
822,dviantsemicolon
823,silverstarak5
824,MissMemdec
825,Denisechio03
826,ncdeac
827,MackenzieTreu
828,harizk
829,mattwalter15
830,MaggieDay55
831,souppoliceQQQ
832,MakaiKauai
833,marieleone
834,jessica_braden1
835,KadinDeb
836,realAminSahid
837,NWPCNational
838,tangerine13
839,ZuriBella
840,janshirkaz1
841,nuttia
842,LukeLochbaum
843,realUltraslack
844,ReproFundNH
845,drhQuest
846,MyGardenLady
847,Diannealtman
848,bacharbin
849,WOganisesan
850,rdembo96
851,MONightingale
852,CharityForVT
853,pdhoggard125
854,guo208
855,ghost_of_roger
856,ChristySmithCA
857,JackiN503
858,mrfamous573
859,intoactionus
860,jgkidd82
861,csuziesun
862,ElleSegal
863,cajungeekgirl
864,lh246
865,CitizenWonk
866,AshleyMagan
867,cavc16
868,Adriana_HR2920
869,msdeltagirl55
870,beccadamante
871,prochoicewoman
872,yoMadss
873,daniaantyra
874,kickinthecooter
875,megandatesmen
876,abe_stauber
877,AMJ71770742
878,uoftforchoice
879,JackEggz
880,SuziRivera13
881,perry_payten
882,RainbowAurora88
883,cadebh13
884,Caroline1mcd
885,sjwhite86
886,reilly_ruppert
887,Anthony1993106
888,BlueMethuslah
889,AmericanGospel1
890,EricHFein
891,AngelicaDqe
892,Charlie12531156
893,thepolicypaige
894,scootapot
895,virgo23775484
896,G_E_G_E_7
897,casterdawg
898,strayoftheworld
899,Heejin95593081
900,experiment1201
901,jadencluette
902,Cruellaisdevine
903,BRolinskyj
904,Phaedrejax
905,sharonogata1
906,J_Mac88
907,cosmicoddity5
908,BunnyBite
909,Ll73743
910,Arsenal8080
911,Realnurse07
912,LezahRichardson
913,NotAHistorian_
914,mollg
915,jackfeng_mhs
916,AsociacionAMARC
917,melrose585
918,SocialistRyan1
919,blytheulrich
920,Muhamad74760040
921,FStineVI
922,NoheaWilson
923,VotesDem
924,KarenSteely
925,Deemoney521
926,RTew91431657
927,coreyjhuber
928,DrLana88
929,RicardoASnchz
930,Just_Smudge
931,RobMiddlemist
932,LeannB2021
933,GillesLauer
934,klkdrunk
935,ShellSheddy
936,JoshuaAHanson_
937,glitterandglos2
938,kristenmberndt
939,thatkidcomic
940,BubSandi
941,JediVagabond
942,caraplott
943,Jill95249515
944,RainbowXianBear
945,TanyaDiona
946,TxSB8isIllegal
947,halieannm
948,tuturocks243
949,rmakuen
950,DemNevada
951,hannahmsays
952,MjDavies1313
953,TeresaGaines
954,crush_twilight
955,lroseen
956,realsmckinney
957,90bun90
958,im_elainev
959,CeliaLHoffman
960,President473
961,networkscience9
962,QueenPaulineers
963,beellaaa16
964,PAWPAC4AR
965,plains52
966,dianey2
967,GretchenRaffa
968,CristerDelacruz
969,_sassy_sandy_
970,tsutton_24
971,DavidImbago
972,DiegoNicol3
973,JoshuaL76553364
974,heatherbenjamin
975,GirlsHealthEd
976,crashandtumble8
977,ShanikaBKing
978,Dave17773985
979,amandapowell315
980,MorganKunle
981,Claudio_Ugalde
982,C_Rodriguez_Art
983,dirtyy_Politics
984,martini429
985,rimonima
986,lizzy_zum
987,gay_emo_bitch
988,schererj12
989,JennaSStringer2
990,SonyaBaker2
991,Seagull90
992,beckydickson_
993,njoylife2012
994,Mattcallahan20
995,kincaid323
996,StephODallas
997,cpttrashpanda
998,highlandpark20
999,LOVELY8413
1000,WesternChange
1001,Kara_L_Bren
1002,AbiadBen
1003,lukehughes502
1004,TJWoodburnJR
1005,anstquga
1006,Haley_ob
1007,MeghanMullon
1008,FierceLoveJess
1009,princessnelly83
1010,_krismorrison
1011,thevruiz
1012,Roaman82588935
1013,DaRaichart
1014,SalaamEfendi
1015,AmanoDiba
1016,AmyWahoo
1017,crobicha
1018,cjshill1
1019,kathleenalice4
1020,missymichele4
1021,cptjaci
1022,mkrosenbaum68
1023,JudyKoenig53
1024,IbinMagier
1025,resistencia004
1026,ari_them
1027,wadadlifire
1028,mellybachorek
1029,BuzzThinksFree
1030,Finngarianmama
1031,StephensGarrick
1032,RachelBitecofer
1033,emilyyjane15
1034,alhalali
1035,CinnamonMelody2
1036,DerinDacey
1037,RepRitchie
1038,DawnMarie817
1039,ItsAuburnBell
1040,meatballcancer
1041,Ntombiz18352905
1042,_Respect_People
1043,ClaussenCheryl
1044,Godebo1022
1045,GoveaVicenta
1046,NCfarmer321
1047,BobbyGillis3
1048,Vanessa46225154
1049,Kidd4ever81
1050,SorayaMcDonald
1051,RepDeborahRoss
1052,2jill2chill
1053,JORGEPESQUISADO
1054,BenHBush
1055,rentthelibs
1056,sambrocio
1057,LerPhili4
1058,DameJEMarshall
1059,NarwhalWrites
1060,pdxhiggins
1061,melanie_drumm
1062,rzTrctvN4qThvIV
1063,WithoutUsStrike
1064,maxmustermann39
1065,kenanjejoh
1066,alexavierm_
1067,glennhefley
1068,DanielIAdami
1069,DrAmyCarson
1070,BetterWorldOrg
1071,aryarodaliabadi
1072,RosemanSashinka
1073,Hoelivesmatter1
1074,JoanneIntrator
1075,ddanilivneh
1076,Peyt0nJ
1077,TLkamali
1078,0liviajulianna
1079,rachel_ann47
1080,jmestichelli
1081,ShelliesSister
1082,delaneygwnek
1083,EvilHatGuy
1084,lauriesmurphy
1085,DanheeDan
1086,NanaSajaia
1087,DebTerzino
1088,siemara_d
1089,arielreanne
1090,Cblanch2002
1091,f_sabate
1092,CeleryCaraway
1093,victoriaozelle
1094,my2fayes
1095,gurliegurl23
1096,wv_swfl
1097,dr_mary24
1098,yorda21
1099,WCampaigner
1100,gail_limmer
1101,Car_song
1102,rhgladstone
1103,EastonVote
1104,maputjoudlaflut
1105,SusanSaylor7
1106,HM69897522
1107,nanmade
1108,pricklytunas
1109,JOEALA8
1110,adriannemsmith
1111,edimonainscough
1112,DMeganR
1113,_luzecita92
1114,BalarinLucero
1115,LizMcLeod
1116,LoganDavidsonTX
1117,DrucillaTigner
1118,Janice17Lynch1
1119,RepKahele
1120,FranvienM
1121,MALabellarte
1122,gardenqueentx
1123,Jeremy4Texas
1124,BaltimoreFund
1125,nmakuden
1126,deb_kamali
1127,samiandzoe
1128,lschoen3018
1129,siobhan_kelley
1130,annarouw
1131,glassmanamanda
1132,TheBelmontStop
1133,yonside1
1134,c_christakis
1135,SamanthaGladu
1136,JuliaGrondalski
1137,UshmaU
1138,DorothyGrady7
1139,malfunctiongirl
1140,hannahgreene916
1141,Canne57
1142,SAL_SlavaUKR
1143,Alliel814
1144,GearNag
1145,Jamie68181463
1146,LoriSums
1147,AbdeslamElmass3
1148,abi_vanpelt
1149,ClaritySol
1150,erikakay22
1151,dporras
1152,DrunkGirlArt
1153,RobertaSalas
1154,DeFegenbush
1155,brazy4bidoof
1156,nyarmander
1157,CML1133
1158,jasonst55268663
1159,mary_ruetten
1160,LU_ser24
1161,USProgressives
1162,NaavaEllenberg
1163,PhdBaby
1164,FelixKings2001
1165,ma_love_hb
1166,TayMarketsStuff
1167,emilycdouglas
1168,RepFletcher
1169,Miche7723
1170,oyousef
1171,XandieGold
1172,julzAxo
1173,FallingCloud0
1174,glenntaxcwf
1175,stay_angryy
1176,wydmindfeersart
1177,weuceda5
1178,Adam_Cook24
1179,tuturocks24
1180,whatsmyshtick
1181,MaraMontalbano
1182,hgr_456
1183,LadyTora93
1184,CaitlinAllee
1185,RepNikema
1186,ch2673459
1187,ChantsRubio
1188,k12632789
1189,caroline3morris
1190,laurs_landis
1191,GraceEHS1
1192,KatelynStreet
1193,_ktwertheimer
1194,queenebeth123
1195,terrihmb
1196,AgneevRay
1197,jpaustex
1198,mayarrosenberg
1199,CSki452
1200,JoJewel88
1201,ThatMeganGarcia
1202,anitalynns
1203,grumpy___spice
1204,quirkyandklutzy
1205,capitolraccoon
1206,kris10isblue
1207,sweet_communist
1208,gregorygago
1209,DesireeLuckey
1210,alyjo85
1211,floanggoro
1212,dmbryant22
1213,jenpoppin
1214,mrj1smart
1215,madeline_rapp
1216,MagzmaeLaj
1217,LisaforGeorgia
1218,kristafrances
1219,FangedTwo
1220,AnnaOnceSaid
1221,LaylaHoushmand
1222,ConnieStarr
1223,AnnaLammens
1224,CoviCat
1225,olsonsanstwin
1226,ElizabethTrippp
1227,emilymarlaroe
1228,luzreyesmartin
1229,meganrainey00
1230,CJamesCervantes
1231,georgecollings_
1232,nixtayl0r
1233,AlvaroPerpuly
1234,hesjsjxjzjzj
1235,Triad_CLC
1236,SHGfield
1237,JamesEarlSchier
1238,rainwolft
1239,K8RevOhNo
1240,GenaRossforMO6
1241,keblack01
1242,AndyEvey
1243,UnRestrictMN
1244,CoTexican
1245,abbyroselew
1246,lsubatgirl23
1247,Jpete008
1248,kirkumstance
1249,DreamNRealTime
1250,sarah_epperson_
1251,justdanella
1252,Imnot_available
1253,akhonakama
1254,WhitneyWalkerAZ
1255,imsaidulu
1256,abigaildmailhot
1257,lianne_gallant
1258,bigbodiedass
1259,politicssguyy
1260,BiiFuuta
1261,MistressJLHyde
1262,smenor
1263,Hussain58269035
1264,meg_bvn
1265,LilyfromPhillii
1266,matthewq1876
1267,AlexvnderJB
1268,houstonisaprob
1269,LaPlume71249553
1270,EthanAl54146078
1271,gl_riamartinez
1272,LizDoyleMN
1273,kylo_really
1274,sutter_colin
1275,mathiasdeval
1276,helen_p_emond
1277,jesss_tweets
1278,scubasteve1012
1279,liv_mda
1280,NilofarGanjaie
1281,jcexplainsitall
1282,Thripp2020
1283,FeministInfidel
1284,IndiaLynnehenry
1285,Ktstan13
1286,iamacallahan
1287,Elleays
1288,sarahcl29534388
1289,AissaRCanchola
1290,SloanCleverly
1291,9_tellthetruth
1292,Sals_Woods
1293,ranter502again
1294,sbodlovich1
1295,jeanie_bee_buzz
1296,RebeccaViscont1
1297,dstoerm
1298,3xdaily
1299,appalachiabelle
1300,ForOxytocin
1301,Jody47230103
1302,VeggiePremed
1303,bluemazzoo
1304,shatterlo
1305,skowalski
1306,DocMcnick
1307,jollyasinhappy
1308,ALIANZAAMERICAS
1309,selenebcourt
1310,Phoebesuva
1311,HelmersCaroline
1312,JacqAyers
1313,SmitaGaith
1314,beccapuddleduck
1315,jjrayburn
1316,RiskStacey
1317,ReproRights4eva
1318,chloe_aatkins
1319,EmmaThomas_14
1320,Lizzi_Gordon
1321,1234kg
1322,MKMcTague12
1323,mclymer18
1324,androgynous_boy
1325,MSHACTS
1326,MsMendez09
1327,Hollywood_NOW
1328,Lolo_milnes
1329,feelthelove000
1330,ethan_wh_
1331,appleuwumer
1332,calamity_syd
1333,SarahNSMTG
1334,fortyKwidow
1335,OnebadbeochCook
1336,rpp9999
1337,djosephdixon
1338,RoRoLynn8
1339,kayakkitty4
1340,GaddisVickie
1341,country_ca
1342,Hilelizabeth
1343,EquityForward
1344,februaryrenee
1345,rkelly925
1346,RanaDardier
1347,brigitte_amiri
1348,619_mitch
1349,jbradleyrushing
1350,AoifeMairead_OC
1351,IshikaMuchhal
1352,chaychain
1353,addisongracee__
1354,kc_boyer
1355,inxfullxfunk
1356,Swedrockdelilah
1357,AndreelRaagas
1358,Grace_Kelley3
1359,GBaguera
1360,picklesprevail
1361,MRealzola_
1362,PalmerforIL
1363,ReproHealthMeg
1364,ShannonChenau17
1365,ritikkambleoff2
1366,Beirners
1367,thatmixedqueen
1368,riri_grabowski
1369,idontkn81083846
1370,RepLauraHallD19
1371,DaltonConden
1372,PoncherelloWin1
1373,HHNB52168650
1374,jonstivers
1375,simmonds_erin
1376,bkehokk
1377,AdrienneKimmell
1378,lilacton1
1379,DaraPurvis
1380,HoanDHuynh
1381,NIGERAIUSA
1382,Stweeting1
1383,tarahdemant
1384,feministasphuk
1385,nerdykansas
1386,MTimson70
1387,BrandonRichards
1388,Laurenkozen
1389,MsNancyteach
1390,HonorOrchid
1391,ChinenyeRuth13
1392,rick_gosse
1393,dorval_ms
1394,UNFPA_DC
1395,MelissaKDiamond
1396,SenTinaSmith
1397,AnweiGwan
1398,cathleenabeans
1399,RhiannonMcisaac
1400,natispartseal
1401,issed_p
1402,angrykeroppi
1403,RepSires
1404,RepMarkPocan
1405,RepLoriTrahan
1406,Mama_Liberal
1407,jaaievarshney
1408,Andrea66935286
1409,rebelscumssdgm
1410,paisleysplinter
1411,MoralDevotee
1412,zoila_ladina
1413,cwlobue
1414,sjsadow
1415,kabriddell
1416,ReginaG10764823
1417,RyanMarsan
1418,meg_mcguirk
1419,Amanda_S_Thayer
1420,NARALNV
1421,amy_wn
1422,AnderRaerae
1423,repaidenpratt
1424,DemEcoSocialist
1425,RepStricklandWA
1426,ccorneliess
1427,FuntimeNerd
1428,RepRubenGallego
1429,jadore_la_mer
1430,MomMozzy
1431,RepMarieNewman
1432,tortoise_mom
1433,BrandonxxEvans
1434,ohalloranmathis
1435,CaroleNovielli
1436,ProChoiceCT
1437,colormejoolz
1438,TCFdotorg
1439,dickianadelrey
1440,cb_auder
1441,XCellofantastic
1442,kmc__19
1443,JohnAmySilver
1444,Mariadiam9
1445,iamthelemongirl
1446,Tori88389361
1447,JamesTheTweeter
1448,Yeets09237278
1449,leedsness
1450,dstuddard4u
1451,VitorSDuarte1
1452,EndTheOligarch
1453,BlueStar616
1454,DAJFlick
1455,GinaRandazzo
1456,heretotalkabout
1457,KorinUmbra
1458,KeshiaJanay
1459,doctorjenn
1460,AsteriskAstros
1461,JoshBergeron13
1462,kimberlyleeyuk
1463,Venusdemilo061
1464,ILoveAborti0n
1465,JessLubetsky
1466,sarahvconnor
1467,chints98
1468,sarob54
1469,GStetsonMD
1470,samgarrott
1471,fordkristin
1472,BethTran01
1473,adamlbc9297
1474,mindy_jaye
1475,jenblas
1476,RMRossi59
1477,louise_q10
1478,Micki4Free
1479,moregrlpower
1480,JacZemba
1481,ragoonsidd
1482,BrianJSix
1483,TVMomentKing
1484,katieprvtt
1485,LeilaAbol
1486,americandre05
1487,frankslurpico
1488,AleciaSolo217
1489,anukankshaaaa
1490,KJKrathwohl
1491,Brandon80028452
1492,RebeccaPB
1493,Dawnfan744
1494,terriesilver
1495,Jessnj4554
1496,pleb115
1497,MauraLessa
1498,parrraadise
1499,chancrews
1500,notirishrach
1501,iizzyyy21
1502,RoxFarsi
1503,NARAL_AZ
1504,NARAL_NH
1505,NARAL_MI
1506,Kersten_Artus
1507,andocronome
1508,SerpentMidnight
1509,RussellFosterTX
1510,_ainsleyj_
1511,katetait88
1512,MKrishnaRogers
1513,TurtleIslandNa1
1514,rae373
1515,Mulunda_JC
1516,GidgetBenitez
1517,Mel_in_MI
1518,BrightlyMargot
1519,MatthewK220
1520,mwright225
1521,theGibraltarPr1
1522,BlackNationBui1
1523,JamesRe49743450
1524,lizspiel
1525,EJSergio34
1526,Mohammadalfateh
1527,FChachana
1528,cameron_lock
1529,KellyvMonty
1530,AliceOllstein
1531,karenagostisi
1532,QuestStarkey
1533,janellesofia
1534,paulherbiesgf
1535,rockingTardis
1536,mr_sump
1537,KevinBe69542847
1538,ajeeshb9496
1539,AmayaDanaeF
1540,PrabhuBritto
1541,lagrotesquerie
1542,ALTONTURNER20
1543,NaveshRoyalty
1544,abene_writes
1545,justinrubby
1546,Solis_Sai
1547,BlueVictoryLLC
1548,Luisana83078695
1549,snugbabie
1550,luvmyfam_7
1551,Green42Red
1552,erichologist
1553,MasihB9
1554,jacobot77
1555,girls4choice
1556,DavidVenasio
1557,chiaralmdeluca
1558,reeceowo
1559,NinaEsperanza_
1560,ReasonTogether5
1561,aj_coots
1562,elijahacarmack
1563,patty_melt18
1564,HelplineIs
1565,Texan_Zone
1566,Katherine__Chiu
1567,kk_neely
1568,jawjaboy2021
1569,CMurashima
1570,benheckman_
1571,ajws
1572,CruthneSidhe
1573,LosAuriemma
1574,LiamFitzsi
1575,LiaSmilesPR
1576,madelinerminer
1577,natalia96921490
1578,ASchultz022
1579,ange_gillespie
1580,Carolyn_Cox
1581,HarleiMorency
1582,marieccarroll
1583,IDPICTURES1
1584,jcock415
1585,emoryleonhardt
1586,ashleytherien
1587,daltonwcrawford
1588,abby_schaller
1589,FriedrichRem
1590,ProLifeSamuel
1591,ElectBlackWomxn
1592,id2ndthat
1593,TomHiim
1594,MincklerSarah
1595,Kal1985Fgg
1596,magzadoodle
1597,AshleyEsposito_
1598,MiQuelDavies
1599,SherieLou
1600,nouserrecogniz1
1601,msmakennamarie
1602,AJ73203611
1603,Alymedywon
1604,MollyMilton18
1605,QuandaFrancis
1606,zoerphl
1607,CHASEWI62065039
1608,cumchalice10
1609,Alba_CSUF
1610,MoliternoMia
1611,MaeveWiesen
1612,amberG002
1613,bridgewriter
1614,bondgirl09
1615,Amber__Gautam
1616,Connie_CSUFMSW
1617,dmylesmsw
1618,CPCMap
1619,jegga_nyc
1620,Nabanka
1621,westernslopegal
1622,crankyoldbag
1623,elianarops
1624,neurodramatic1
1625,JCoodySmits
1626,ilyseh
1627,Honoured_Matre
1628,maddiegb10
1629,srachel010
1630,zrosen12
1631,DJGross1
1632,KellieTurtle
1633,catsuitech
1634,hannah4KY
1635,alyssaanne930
1636,RoccosRev
1637,saraaaspain
1638,_vrios
1639,PersistGw
1640,wiseandgoldenUS
1641,APersonOfNoCon2
1642,gz4m7q
1643,Bmhooper1M
1644,plathwinston
1645,michaelh_asf
1646,TheoHockstader
1647,ArtworksKristi
1648,fuckyourstigma
1649,jeezyjeezy
1650,digitalturf
1651,politics2022
1652,chirpingKatee
1653,politicaljordon
1654,MoJoChico
1655,SusanGo53860367
1656,Carolin30718139
1657,JsonderupJulie
1658,my_dominick
1659,MeghannwithaG
1660,jada73486714
1661,politicsblogg
1662,AlyssaTiemeyer
1663,toon_mikwee
1664,SnavelyJared
1665,betsy_braverman
1666,Gmalovesherbabi
1667,FrancoiseGirard
1668,LaurieG35516726
1669,jimmyJJbond
1670,rasamallaskr
1671,WineCountryYDs
1672,kumba_8
1673,Yashavi7
1674,TriCountyFDW
1675,santaclauslives
1676,DelBetsyCarr
1677,maggieolivia1
1678,adriaticstar9
1679,Aw4smch
1680,april_delaine
1681,AndilovesJake
1682,KayLara90
1683,PPAWI
1684,bibliohussy
1685,AmandagdHines
1686,cannylou
1687,_ninaelizabeth_
1688,Doorley
1689,PghLeft
1690,dearsandwich
1691,Jenlynn111
1692,lmraby
1693,LilBitsPieces
1694,oh_mom1029
1695,navypsychHM8485
1696,heyneyer
1697,katz_sunny
1698,HartshornJlees
1699,tessafaith69
1700,culturatii
1701,TheFolashadeWil
1702,SeattleTeamGear
1703,MadameMeggy
1704,Sybrangel
1705,tulsiloverr
1706,KaseyMcNaughton
1707,modestbelieva
1708,Jeanie33705879
1709,AntHillard
1710,colozer1
1711,KellyMDesmore
1712,KayEllleKay
1713,SUGolfCourseSup
1714,cordraymccann
1715,LIMARIO24365
1716,_hegotsgame
1717,____khetha
1718,ProxenosIntl
1719,lrosekap
1720,CMewika
1721,MonicaR55149310
1722,robwear57
1723,kevin_griffen
1724,cooolOLDs
1725,Brinimartinez
1726,cleemck
1727,Dinah_K_L
1728,JessicaWint
1729,duckduckF
1730,Naiad9
1731,JennaKiley01
1732,han_elizz
1733,CathyGu13
1734,paiholmes
1735,JoshuaRWright3
1736,GrammarDomin8rx
1737,the_porscha
1738,mindoro33
1739,claudia_nichole
1740,cat3fisch
1741,two_twenty_one
1742,jackshawgardner
1743,rhavens12
1744,Sarahja59839063
1745,Shluli
1746,ShadesOfBorne
1747,LauraDeeScruggs
1748,sophie_agner
1749,prolifesf
1750,mediumhuh_
1751,DarkSmirre
1752,teejay7694
1753,ChrisBrownAZ
1754,k_salazar2020
1755,blessedabvbynd
1756,ohheyitsjessehi
1757,JosephineJooste
1758,SummerF79322729
1759,kunal_khaware
1760,TomatoFrankus
1761,aep2705
1762,LeahNicholsOH
1763,AfsanehNajafzad
1764,carmen7_witt
1765,w_trueblood
1766,osch_stijn
1767,b_d_mic
1768,hannahahboo
1769,AndrewMcrell
1770,FurthermoreAnd
1771,jfcd203
1772,ThePolitigal_
1773,SonyaScauf
1774,Melissa21171947
1775,CRose172020
1776,ACLUSouthDakota
1777,LaughingCorpse1
1778,jessthanfunny
1779,heylindslpc
1780,femmejuriste
1781,CrisRoseroR
1782,KKSinghAzadSoch
1783,EmilyS40288337
1784,jandthejuls
1785,whaleroady
1786,clamjam22
1787,P0liticalM
1788,drewweisman
1789,WladimirChagas
1790,JakeRummy
1791,LvovaIsDaShit
1792,SPWicihowski
1793,ereyrey
1794,Imlasheabutler
1795,ReginaDM
1796,LoModisa
1797,gennakules182
1798,aarya01754403
1799,danielasalamo
1800,xo_xo91660868
1801,bdnmzkdn
1802,v3g4theanimals
1803,JessPected
1804,olivianeff
1805,Tbagfever
1806,JacksonHull19
1807,Doebs1994
1808,DRTucker
1809,ToniRagusa
1810,sarah_hollars
1811,MenBastards
1812,KarenCita_111
1813,gingie224
1814,PolloSpiff
1815,tcutsandbruises
1816,matty_c83
1817,Maddie19927845
1818,gabriel03659272
1819,politicalryan1
1820,AvonleaFisher
1821,BrentonLee1126
1822,Cherry00Lee
1823,GavinLaing3
1824,j_orge_
1825,ethanclynne
1826,eriquita0115
1827,mrskyriaco
1828,rickyisnotfunny
1829,ezbell4
1830,TeamKCP
1831,rodeva7
1832,Leyinko72
1833,Tina78674723
1834,Kate_Kelly_Esq
1835,RichSpence10
1836,benlivi32734273
1837,vibepolitik
1838,exaviermwells
1839,jessicabrownBLM
1840,ayyeralphieboy
1841,NekkoAshii
1842,HouseOfBedlam
1843,MnetHatePage_hj
1844,AimeeMonahan
1845,bexlorenzen
1846,peytonnicole33
1847,when_law
1848,Jstnorv10
1849,JLA1varez
1850,CM__Roma
1851,snwdrft
1852,jessica_wysocky
1853,pettyautistic
1854,Amandakmartin54
1855,bourbon_pearls
1856,SherryPeine
1857,Xristianna
1858,hanscoopz
1859,Bgilly13
1860,PastoorIsabel
1861,reginagracereed
1862,alenawalk
1863,nikki1692
1864,PlantainShips
1865,KristinaWagner0
1866,ooolalina
1867,meeboudreau
1868,flygyrl72
1869,Shelbertina
1870,YASZZONE
1871,eddie_allen204
1872,QueenPeriwinkle
1873,starryeyed_bird
1874,SubversiveMD
1875,YaajMexico
1876,tym_altt
1877,Saltyp8
1878,p_pavlidis25
1879,akyungblut
1880,Cat_Tassini
1881,sportcareaccess
1882,justinschoi
1883,Alven_HD
1884,Alicia_AbneyMT
1885,lprochoiceradl
1886,cmcreads
1887,marronblanco
1888,Egram57
1889,AnnArborVegan
1890,javindsouza
1891,nataliebookout
1892,mayamjenkins1
1893,SeabasschinD
1894,SatchelBreier
1895,KarmaDestiny333
1896,caroshanley
1897,KimiChernoby
1898,dressednblack
1899,NACLAD9
1900,bimattos47
1901,RedResistancep1
1902,SummiePy
1903,uglybrunette
1904,plain_janet
1905,northstar0205
1906,bpdtrashbag
1907,kumkweef
1908,kathcswanson
1909,alliechell
1910,carlyafisher
1911,timothy69816145
1912,IamBradMinoski
1913,adityaiyer101
1914,AlexisVCasillas
1915,gavtennis
1916,monkeyunderoos
1917,bollyhbonny
1918,alexfaymonville
1919,MarnoASMRFan
1920,15Ioannis
1921,hmbrown91
1922,jaxfin1
1923,sqlabecedarian
1924,AjarainS
1925,BerningWood
1926,lesadc81
1927,gloriaanglon
1928,mattpetersons
1929,Gissell_Que
1930,AlexPDavis
1931,g_wabby
1932,PoliticoNStltos
1933,federapl
1934,ChrisFNunes
1935,Jrdnneil
1936,chixiri
1937,bluebleubluee
1938,GbertGotfreed
1939,mcalotta
1940,SnoopWill313
1941,orionsbeIlt
1942,Diana69705585
1943,ElenaPhares
1944,justcurious7514
1945,Ashadahya
1946,sarahreilleyy
1947,LaFemmeNikita71
1948,juucizes
1949,Jessica66385859
1950,rosegold_soc
1951,MomForProgress_
1952,pearlheartjedi
1953,NatalieLemmon2
1954,justinbruce79
1955,Existential1111
1956,MO7_OMAR
1957,ruthygallagher
1958,nikola_tomasova
1959,swteenvr
1960,SofiaTenorio16
1961,maditoomes
1962,rlydontevenknow
1963,prettyp323
1964,KrijtjevdStoep
1965,LantosH14
1966,hmwicz
1967,CoachKaitiMeade
1968,A2Maryy
1969,kashmerekette
1970,ShanaeAlezandra
1971,RedHeadedPatti
1972,Cheriebombx
1973,dagenkanaley
1974,harmcityhoney
1975,Kennedy27473500
1976,jenhab
1977,azannaaa
1978,WLuem
1979,lydia_faith_
1980,BAIonair
1981,IWP_EJDNSWSOMG
1982,WeOnlyGet1Earth
1983,doctor__two
1984,SuzanneCernyArt
1985,kyleexulm
1986,elizabeth1220
1987,dnp_hilary
1988,mdoggyfresh
1989,ClearWinterRed
1990,kilo_G6
1991,kateforkentucky
1992,KevinDHamm
1993,escomegg
1994,mikeywolford
1995,alberty_d
1996,_dey_dey_
1997,simplydinaa_
1998,lesbianatlaw
1999,pandotree
2000,DeivisMercado_
2001,ecook222
2002,woodzy0909
2003,_EliseZimmerman
2004,sweatequitycomx
2005,MRamosDC
2006,TrimSarah
2007,vrojano
2008,mikehunt_704
2009,Cassandrology
2010,LisaKunkle
2011,carieberry
2012,innrfireyogi
2013,SaAnMi53
2014,KatMillennial
2015,MeloBTimes
2016,AntisocialHall1
2017,bruceda28058958
2018,pepeprawnmuppet
2019,JenniferRosel16
2020,josehenhao
2021,joette17351027
2022,OngItsBroccoli
2023,andresfelipeca
2024,lauragorsky
2025,baltzco
2026,HaydenWellman
2027,YasmineJoobeur
2028,cdanielsen3399
2029,JBAforYouth
2030,chreesduncan
2031,dftworg
2032,mikeandikestan
2033,NewsSeaside
2034,Sofia95633988
2035,SHAHMDIMTIAZHO1
2036,Emma16189309
2037,TheGreatestDez
2038,Jill_Edelbrock
2039,itsmoonvm
2040,blondiedabbler
2041,riley_henryy
2042,EdwardB76570887
2043,OrderTheRaccoon
2044,reggiesinkler
2045,ellirson
2046,ScottWilliamsOS
2047,Mazghunah
2048,gossrl01
2049,j_conerly
2050,spollfraz
2051,safetyfirstx3
2052,girlkindkenya
2053,KSal_09
2054,heykaylarose
2055,BurBur4Eva
2056,TamikaShanell
2057,jenn_a_jo
2058,jellytorcivia
2059,in_a_nutschell
2060,Soph_Poost
2061,DMTV121
2062,ELG1100
2063,justeves
2064,jackiefielding_
2065,bella_caos
2066,Breakfast_Fan
2067,Organism46_B
2068,helyn4
2069,Smurchy
2070,coopthecarrot
2071,socalmd54
2072,Inalein_19
2073,nmkateman
2074,leahbarteldes
2075,ChellaM_
2076,willingbleeder
2077,luke_mulvihilll
2078,April_Sanchez5
2079,NYAnna22
2080,sbarrett670
2081,Hopewenttodie
2082,tlemanski2
2083,surfspectrum
2084,stay_woke_media
2085,Freya_Willis_
2086,lua21
2087,ShoeGoddessQ
2088,babii352
2089,chngona7
2090,AlexJDeRick
2091,HerefortheHist1
2092,helena_ives
2093,Jen46156252
2094,JOEMZ020
2095,blossomlyy
2096,lovedogtodeath
2097,QuinnBender
2098,GaGOTV
2099,kcg1259
2100,LiberalShapiro
2101,cadence22922794
2102,JaneFillion
2103,AtienoJermaine
2104,maddi3vans
2105,uwaolive
2106,snelmes18_n
2107,ivan_jat
2108,makiba589
2109,zkoons605
2110,take2thesky75
2111,DonnaHippieChef
2112,FSonja55
2113,BSonja1
2114,oBrenoFurlan
2115,amandalexies
2116,SNicphaidin
2117,CowardlyMaya
2118,tinydancererin
2119,SickRick20
2120,BackingPlanned
2121,RodMeer
2122,KarinCongress
2123,XingZadong
2124,cbaker11166
2125,Religiousnews1
2126,KlementThea
2127,WeAreManyMovie
2128,KaypourMeena
2129,mirantings
2130,john56998439
2131,KatieUtehs
2132,BROOKEAGNEW
2133,JRLGII
2134,viola_daily
2135,psoriasis78
2136,lizsmix
2137,PepeLlacsa
2138,ZombieDish
2139,KimaskjslPaula
2140,jsbeier
2141,EmmaDodds14
2142,k1hickok
2143,MuktarBillow
2144,ithadtobeiowa
2145,Misanthrope103
2146,wdconsct
2147,VickieHinkley
2148,MxDDangaran
2149,no2bubbles
2150,TMAbbruzzese
2151,k_greenberg
2152,CPallatino
2153,RD_Minnesota
2154,naomi35129653
2155,kcbrown28
2156,acdefml
2157,elle_vader
2158,hoIlowmoon
2159,hcdla
2160,sicofdabull
2161,SSam2K17
2162,zmsteph
2163,jzrcain
2164,nathalysalas_k
2165,KayMoffett1
2166,jewelwilliams80
2167,mslizpcoop04
2168,rihanazaiani
2169,Jameslee060490
2170,Markjoh28594572
2171,JayCWanderlust
2172,katheri14084114
2173,VotesDal
2174,cruze_jess
2175,EllaDay61003963
2176,tudorera
2177,Kent_Maximilian
2178,haleboppbopp
2179,missrlfox
2180,ZarainDC
2181,EricEarly_CA
2182,oneworldpowern2
2183,Shannon_Wolfe
2184,Mitch_Bois
2185,smsElectdotnet
2186,anasofiarangor
2187,Lauren61234065
2188,Shorris_S
2189,ANDPANDP4
2190,wonderland_sin
2191,Pay___Attention
2192,ilyas_idrac
2193,thedanrios
2194,samanthajoxoo
2195,dearabby16
2196,hannahsanghvi_
2197,Quoccuongcenter
2198,dea_pratt
2199,Dialogue_Social
2200,FlaminHotJesus
2201,RESCUEorFUCKyou
2202,omarklovefoster
2203,car__victoria
2204,RepEscobar
2205,RepAOC
2206,jinker_belle
2207,Generationz_10
2208,ssommers0316
2209,cherryballblues
2210,moodyquaranteen
2211,eves_identity
2212,katinthehatwbt
2213,JaxulaTweets
2214,doitlikemao
2215,DrKateSchneider
2216,ratnl_radiation
2217,smalone830
2218,maaangooos
2219,MsKelao21
2220,JessicaOutLoud
2221,LindzF1234
2222,AshleyP88451423
2223,chrissy5013
2224,kathymuhm
2225,politics__alt
2226,pedrasdrama
2227,Toadgrass
2228,LeaderHoyer
2229,LizBrown_Tweets
2230,awebber_
2231,PCerviatti
2232,houseplance
2233,tutiaaranza
2234,hiller_danielle
2235,CarinOhh
2236,algunfernando_
2237,Justin__Kane
2238,Ragnarogatory
2239,j_jbow
2240,Artem32825322
2241,FrdriqueVernet1
2242,GoddessLiberal
2243,HCPSoCal
2244,laurahalliday3
2245,user1938291
2246,gollyitsmolly
2247,Freedom4ever215
2248,trishgood5
2249,i_am_Ew__
2250,faye_starling
2251,gabbyromney
2252,Claire_McGing
2253,anchovie1221
2254,Maya47266731
2255,caitculls
2256,JG_Republic1222
2257,ThisIsMattWolf
2258,heavysmarts
2259,Qloudlet
2260,sofiafoster
2261,andrew_sotoo
2262,RealSavySuave
2263,cpdavis4
2264,JoForDCCC
2265,juant_info
2266,TiaSteezy9
2267,Ihatetrump666
2268,wesing4blue
2269,DavidLWright8
2270,DivaJones
2271,diyalektikoldum
2272,Emma52469326
2273,MeliHines
2274,SimplyStormie
2275,KPJunglist
2276,Butler4Florida
2277,collegedemsmn
2278,syd_the_hunter
2279,sasukes_wifeu
2280,barbara_gachet
2281,graciem98731001
2282,kenrose21
2283,TheSchlewis
2284,agas_rc
2285,honeychile11
2286,Lohlala
2287,PfVanderwolf
2288,AndreaCrossman
2289,DoorlyMaya
2290,cactablckdress
2291,snoopylovah
2292,anikallmedaddy
2293,sophiecmercy
2294,e135792468
2295,gort_pedro
2296,clarissaaaa
2297,nixon_ke83
2298,MichaZygmanski
2299,livinmortician
2300,L3GALL
2301,SeanOBr95286417
2302,Ivy0629
2303,lesbiansandlas1
2304,thebigbluepac
2305,maddie37991278
2306,citiznwopinions
2307,hi_its_andrea2k
2308,celinekpowar
2309,NamasteTrisha
2310,hottienini
2311,ne_chatte
2312,MglHBxl54ttlOx2
2313,prochoicehouse
2314,MahimaDhume
2315,ellieAHHHHHH
2316,evantabakatlas
2317,devonemay27
2318,fly_in_a_room
2319,charlesbrink11
2320,Lauren_g32
2321,BishkekPhi
2322,JenPed7
2323,MadelineinDC
2324,_arianaybarra
2325,yuhhhhhhhh67
2326,Aishwarya_C09
2327,Pinky72215246
2328,stopyourtalking
2329,georgiabach4
2330,UnhappyFem
2331,_ZachGriffith
2332,meganshrader2
2333,StephLSchmid
2334,vovolina21
2335,bennetteyoung
2336,addqie
2337,allrightsmater
2338,huylerinthehive
2339,leftyplantdude
2340,sianna12160981
2341,noramcm97769768
2342,oscarjonnie
2343,tysveto
2344,alega106
2345,kacijacinda
2346,the411now
2347,LaGirmay
2348,MatthewNursey
2349,aliciasolizmsw
2350,PoliticMinotaur
2351,EphesTweets
2352,_kattitude
2353,samosg
2354,RosemaryBoeglin
2355,ChoiceFight
2356,a_j_maiga
2357,MisfitPod
2358,AYabbadoo
2359,SouthernSon_
2360,MadMeagher
2361,ShanMDean
2362,sophie1ena
2363,ScottPettyMN
2364,SeannieceBamiro
2365,mccainay1
2366,Habanera119
2367,candysroom0401
2368,IrisRainerDart
2369,oeoeo2263
2370,Jeri555
2371,laineyd123
2372,LorinJElderJr
2373,d_rithika
2374,mary_catharine
2375,EakinsTony
2376,Timmy2Joints
2377,Kiwi_an_Atheist
2378,doctheguru
2379,dawncrawford142
2380,JackiePletscher
2381,jackiepelella
2382,cailynpalmer
2383,Jamesovic_Prime
2384,nerdybirdy758
2385,WilgusZele
2386,cornpopwasbad
2387,Promachos18
2388,CmpCara
2389,NConnolly54
2390,drmarykathryn
2391,Minorit09930967
2392,Jules19rn
2393,Meg_on_toast
2394,KenFarmerTV
2395,thisisanafab
2396,glimmer517
2397,Auntie_N_
2398,smleonard02
2399,JuvanMiranda
2400,EndofIntranet
2401,KStewPosse2020
2402,oliviamaurer_
2403,caitlinjfalk
2404,SQ__Saad
2405,ChellyMaes
2406,EicholtzKirby
2407,pussyriot15
2408,Countrysoul4
2409,GoobysM
2410,MrCalvarado
2411,gracebarnhill
2412,jimcrocestan
2413,Brittan84613360
2414,Despair08795378
2415,sophiawatersr
2416,MicroConflix
2417,jeanjeannehong
2418,DriesenJane
2419,annarosebrand
2420,RightsWext
2421,Anna_R_Pole
2422,DaniJ520
2423,RepLindaSanchez
2424,kelly7670
2425,MarcLegarreta
2426,KimeliseWelden
2427,Yoyi20227263
2428,syd22595648
2429,Vane10270
2430,gabrielleobee15
2431,keiko_ono
2432,cyjiang
2433,janicannes
2434,RabarHiwa
2435,believe_women_
2436,AmandaH93818880
2437,questio91142563
2438,clawyou
2439,elie_dufour
2440,cxndnne
2441,jay66642624
2442,CaileghBrennan
2443,DoyleGab
2444,Sbj60187
2445,6r4c13
2446,ReSchuShe
2447,zane__2__
2448,yvettemoorexoxo
2449,Xanafi6
2450,itsjustEmily322
2451,FlakePurple
2452,AoifeDnDer
2453,NathanP11593512
2454,_darlinggboyy_
2455,JadeRhinos
2456,kittierushhour
2457,Lemnoc
2458,pguillory1960
2459,AbortionWestMA
2460,goddess678
2461,t0mmosupremacy
2462,Ed77Ed
2463,FridasHouse
2464,FIRE_UTSA
2465,matryoshkacyka
2466,Haider10937453
2467,lila_givens8
2468,toadarocourtnut
2469,RepPressley
2470,jerseyjenny123
2471,Kingsle90743169
2472,MamaBirdieRobin
2473,letsgetrealtal1
2474,elizabethwick8
2475,FreyaRiedlin
2476,Fight4Herca
2477,irisgarciatx
2478,livmicke
2479,DebbyManera
2480,Nicole_Marie116
2481,RapeWhistle3
2482,JBabe67
2483,WUnite2020
2484,beccasandovall
2485,RedTownltd
2486,mdunford
2487,Sdptsue18
2488,SueFrailey
2489,Franklinp1995
2490,infj_m0m
2491,nickypoo_MO
2492,EdenECherry
2493,corinne_fal
2494,Nicol2Diego
2495,UnamusedWaffle
2496,kayleeanneski
2497,66shaker
2498,HuzzahItsAustin
2499,markharrickatie
2500,CleFemme
2501,JacobKavanaghNL
2502,eklaborg
2503,TangelaTaylor1
2504,MaryShPatterson
2505,AnnelleSheline
2506,USPolitics18
2507,ShinderSuzan
2508,Citizen4Action
2509,manasikashyap
2510,ChantelACohen
2511,lsslkmth
2512,anujan_rajah
2513,AriScherf
2514,ma_isabelrangel
2515,genesisbenecia
2516,RVRSTHEPNSHMNT
2517,kenyast24086110
2518,dhgal
2519,brookecee
2520,rasomalbert
2521,lizwagnr
2522,trotsky_xcx
2523,JonahGottlieb
2524,jameshperry
2525,colo_kati
2526,DankProChoice
2527,KwameOASaahene
2528,zunayrahemani
2529,discokimba
2530,rizalinacarmen
2531,smwarren
2532,angel56230396
2533,muh_alt
2534,socaljujujules
2535,kaynakcigoral
2536,OceanStateCandy
2537,PeriKessler
2538,splash_becky
2539,herblove427
2540,TeresaLCarr2
2541,KathyManningNC
2542,DGonzalezMaria
2543,exoticgamora
2544,DeannaNorling
2545,Alealbagar
2546,LGBTQdemsPBC
2547,MrTioriffic
2548,Wolf_Angel1990
2549,vanya_jarrow
2550,ShmIanConnor
2551,SaraJaneMaki
2552,heavisj
2553,kassykangehell
2554,CiboCibo9
2555,Stanleytzankov
2556,jnatlaw
2557,SSStreett
2558,JaideRahl
2559,seattleunseen
2560,Mori_Densmith
2561,BenjaminDevos82
2562,ViolaceousCuri2
2563,Thenurse27
2564,agon82
2565,MaddieMcG7
2566,alinaluke
2567,jillyseig
2568,allie_jo1
2569,prochoicebabyy
2570,EmilyAz1111
2571,democrat_pro
2572,LydiaRi32144478
2573,kikild3
2574,ElliCho9
2575,mymacymacy
2576,lcv1961
2577,mepratschler
2578,selenaaslay
2579,iskander4000
2580,ahsanma46529813
2581,MF_FF4
2582,AdamBolanosScow
2583,ChefMimiSanchez
2584,AnneliseKost
2585,PainterSam
2586,DignifiedBitch
2587,skylar4congress
2588,tfwalczak
2589,eliseboos
2590,ProzacJack
2591,gina_sheedy
2592,julietwhitley
2593,StephanieNoblit
2594,Green_Parties
2595,Jad_bitar99
2596,HellsNay
2597,sophiamelisa
2598,3BCommuter
2599,Susan37905944
2600,ladyname1234
2601,AN_Goldstein
2602,jpinckneygil
2603,Outterski
2604,mundoferpecto
2605,jstnmrks
2606,mstephmia
2607,Al4Gold
2608,auroraborealic3
2609,lumbricid_doom
2610,AnnaMarshallNV
2611,mikesignor
2612,Angelou19999
2613,soycastorin
2614,AllenBarth
2615,the_amphibian
2616,BlessedHandsLLC
2617,onejessofmany
2618,_raquelcruzj
2619,PPVotesNevada
2620,Cakeisgoodforyo
2621,anniecampbell96
2622,saraekatsnel
2623,_RohitK
2624,chacara59
2625,Aimeeeerobinson
2626,mdwinton
2627,RepHorsford
2628,sebweinmann
2629,indivisiblenj4
2630,sfiorini1
2631,mererebekah
2632,Arden49215479
2633,xenonariel
2634,T_LynnAK
2635,RepCarbajal
2636,dwolkoff
2637,PierreConstan19
2638,FWarthog
2639,CarolineDuble
2640,JedHeart007
2641,MarcoRossi1989
2642,karenauby
2643,ALAsView
2644,Monica33303444
2645,jgoldbeck
2646,JessicaMencia2
2647,T_RatnerSolovey
2648,lealuo
2649,monicaredwards
2650,dianesovis
2651,molly_b33
2652,CallForCongress
2653,TransLiberalDem
2654,zidani_sariez
2655,amara_2313
2656,aycmaaa
2657,JLB99902
2658,steffimaggs
2659,dank68227385
2660,emmiecin12
2661,vivianaaa_ca
2662,amiewatchestv
2663,GhostQueenXXX
2664,Carolla_fl
2665,jillaaahhhh
2666,CouchDwellers
2667,akschradle
2668,Robert_Q610
2669,Martine2you
2670,ESchattner
2671,bish_2525
2672,MikeLevin
2673,vijays3242
2674,Grace516G
2675,lindseybrown35
2676,anjeerah
2677,yasminradjy
2678,EMSalasME
2679,sb_ballard
2680,robbyweingarten
2681,saadaa20825173
2682,ruslan96393773
2683,BryanCommittee
2684,jou14967891
2685,Jwestbrook1996
2686,ShelobsLegHairs
2687,ruthulhu
2688,RepChuyGarcia
2689,2017_itstime
2690,laurielra
2691,SpinsterChick
2692,BeaQween
2693,EvangelistYvet1
2694,reesewiley03
2695,djcat1994
2696,LianaCassar
2697,CyaChristi
2698,MiguelGMoseler
2699,tessafawnmagpie
2700,thepainpastor
2701,AlexaLCooley
2702,sethlong3
2703,HLParamore
2704,rometalmom
2705,sandrapilla
2706,Scarretter
2707,itsAMBERyall
2708,stricken
2709,ErinTobz
2710,bellacosee
2711,wolf_kimberly
2712,kv8qp
2713,AcornFrances
2714,pvb100
2715,AskLeez
2716,KxngKahli
2717,BrettOehrle
2718,Amanda_Cary
2719,PlanbTVseries
2720,MNaomi67
2721,FrancessMadden
2722,PowerGameSystem
2723,uhlizzuhbeth
2724,TeresaSeeley
2725,JessalynNeal
2726,JonHutson
2727,puchlow84
2728,bdvanneman
2729,DuclercLozada
2730,mattsimmons25
2731,MissingMardiGra
2732,sandyjk
2733,drewhalpern_
2734,hamsuns_hunger
2735,rbexrex
2736,gtull_
2737,Robyn_TRuth
2738,awesome_malcolm
2739,cooper_holly
2740,prochoiceforall
2741,LarkLosardo
2742,OhBeJoy_Full
2743,PalmerReport
2744,KimberCalvert
2745,kath_mcg
2746,ProLife15907357
2747,AlyssaMReinhart
2748,LauraKarg
2749,m19williams_g
2750,zpendolino
2751,thymesdeac
2752,nolahaynes_
2753,DCSwann1
2754,Jolenes_Mom
2755,dawncdurain
2756,ProudJew310
2757,imaldridge
2758,LaceyWoodroof
2759,xandra_carter
2760,_berndavis
2761,flacaa6
2762,catmckay_
2763,thinairchi
2764,AVangrow
2765,NARALGA
2766,DrMannRollins
2767,GovUnfiltered
2768,H2O_Baby
2769,sumershadowtwin
2770,lyo339
2771,NamasteChante
2772,barbarareader
2773,innahandbasket
2774,lingua_persona
2775,trobinson5025
2776,marrrcellle
2777,serce_z_kamieni
2778,cristianomagi
2779,terranoprovo
2780,Crystal73001514
2781,CobyJOwens
2782,JasmineBerger14
2783,quinnclairem
2784,mousetrapdc
2785,Whenadooropens
2786,janellejokes
2787,kentheenby
2788,bkladdy
2789,nythalia_a
2790,ProtectAutonomy
2791,Aqua_Star_21
2792,RicRistorcelli
2793,PaigeParratt
2794,h_j_hopkins
2795,LatinaInstitute
2796,HarriettsPlace
2797,LastAnatomist
2798,Kmontiel
2799,depeche_alamode
2800,Brunhildagis
2801,MissedtheTrain
2802,mbowerleo
2803,himbo_beastie
2804,laurahernande1
2805,emoryshatzer
2806,Gingersling
2807,MonyD001
2808,Lovely__Liberal
2809,Brittan75653343
2810,PurpleWandering
2811,dmds2017
2812,nitanoobscott
2813,avalon_hunt
2814,jawnF789061
2815,bakemonolife64
2816,Sleeping_Dahlia
2817,KalanHaywoodWI
2818,mohanwarusha
2819,TXFeministTrust
2820,sandrabarrgmai2
2821,Maggie_QNY
2822,GmoosAA
2823,BlueCitiesUSA
2824,SafwanAl93
2825,tweetkarenk2
2826,Lyndz_Kristine
2827,EmbellishWed
2828,CandelasAly
2829,BlueZeta9
2830,britt_l_warren
2831,rockynonsens3
2832,dreamcatchermja
2833,erinlaninfa
2834,rosicrucian1970
2835,sarla12345678
2836,Ryguy60078
2837,CswaggaD
2838,closethegapCA
2839,jtoolr
2840,JPBradt
2841,ErnestScheyder
2842,jessyzuko
2843,HabibaRezwana
2844,palomawallace17
2845,margdooley
2846,ChaseBright15
2847,ChristineZolon1
2848,GFranden
2849,Fight4HERPA
2850,mammajones86
2851,DrAmyAddante
2852,MelvinLee515
2853,rtroark
2854,TheBlangk
2855,cronners
2856,cam_03w
2857,Eric_R_Craig
2858,IronSocialist
2859,MichigansThird
2860,najla_2312
2861,northchescodems
2862,KY_RFF
2863,FarahTeres
2864,not_aboutyou
2865,samira_says
2866,AimeMackenzie
2867,kenp1324
2868,DanaMartha_
2869,MeaningflMackay
2870,4NPOLICYGAL
2871,AmericanTribeLA
2872,olsensquaredTV
2873,myagreenberg
2874,SaraM06
2875,ryanlack
2876,ScifiJourneyman
2877,sarahlizmurray1
2878,leftyleftistt
2879,mslewis222
2880,rootsndblooms
2881,maddi_fleming
2882,rtimoner
2883,Bercmag
2884,MikeNastasia
2885,quietpolitics
2886,eryjBlige
2887,MilnerMilly
2888,RoseLiberal
2889,SaraMarie413
2890,RepCasten
2891,kbeckpta
2892,tibbyreas
2893,Rookie__Rae
2894,JoGrifflwrchld
2895,BrooklynMarylee
2896,sarahpopek
2897,DCardin13
2898,maureen0618
2899,xXEmAlpacaXx
2900,Athiest4L
2901,BreaGPerez
2902,Maxegroeg
2903,JackeeHaak
2904,gillesbakshi
2905,iesel6
2906,MarcoAn70952637
2907,Fight4HERNC
2908,HarperGerardi
2909,pienseuno
2910,m97309102
2911,HansGoff
2912,jyllyt
2913,pinveatigates
2914,brxttbrxtt
2915,callan_dry
2916,lipgl0sscha0s
2917,kreslobochi
2918,MTCinCA
2919,k4te_larson
2920,mary_m_ellis
2921,Roy70252420
2922,gearly
2923,LadyMeerket
2924,Fight4HERNH
2925,TaoOfPooh
2926,josto8888
2927,Clyatt
2928,GMarisaPal
2929,harvickgirl_4
2930,T_Kool_2B
2931,faravaharSF
2932,buckeyehorse13
2933,wahabi_sabi
2934,suecanavari
2935,MovieMaiden
2936,heatherannrossi
2937,jlaynsf
2938,patty123A
2939,lndxxo
2940,MsMagazine
2941,ColoradoLizHall
2942,ablakelock9
2943,ifwhenhowfls
2944,kissane_ewan
2945,pewpewkew
2946,JanelleMaxson
2947,LoudestLaff
2948,MaryLarkinScott
2949,blackqueenzm
2950,RobertBurrough9
2951,scarletchasem
2952,motherschuker
2953,eserehs
2954,hopkinsfbx
2955,babypinnc
2956,hdeckerplays
2957,jenificles
2958,CobaltAdvocates
2959,randreynolds
2960,VerilyHeatherly
2961,michellerutter
2962,daphmarts
2963,sarahmiller720
2964,hgweller
2965,adriennedarrah
2966,MedicatedPerson
2967,beccalenn
2968,lokenjl
2969,ptarmaggedon
2970,toastaficionado
2971,USA_PR_GER
2972,emilygracewerth
2973,jstorrie202
2974,jamespweichert
2975,ANNtastic9
2976,ProletariatPwr
2977,JonesyCat22
2978,rkurland93
2979,Jollyvessel
2980,KnightSisk_Jen
2981,damianpreciado
2982,Weber_YoungDems
2983,artsyandnerdy
2984,mollyh29
2985,FrankSainato
2986,JerseyGirl_6
2987,emmaswanson_23
2988,IzzyWhovian
2989,Shepharah1
2990,ImUrlex
2991,vickiringer
2992,gabris_pat
2993,sophia_rose_19
2994,TiggTap
2995,notebkcollector
2996,11kelleyk
2997,Alexandra_ovaje
2998,pgcotype
2999,patrickmajor56
3000,AbbeyMeller
3001,KimStevenkg
3002,ProChoiceCA
3003,JokesHard
3004,laetitiamerhi
3005,Scentabulous
3006,alejandrarroyo9
3007,zarina_NYC
3008,Lesmarable
3009,fitfaves
3010,DavidTweetsLies
3011,GRRNow
3012,xptl1965
3013,amyginger22
3014,j0eH0llyw00d
3015,liz2584
3016,HunterFifth
3017,StarlingAutumn
3018,johnjdillard
3019,eb41966
3020,xichi444
3021,berkeleybecca
3022,spencerdohara
3023,ClearlyNotMatt
3024,Donnellycolin49
3025,Myrnastwit
3026,MorganRunk
3027,jennrichter
3028,_Austin_19_
3029,zutalors86
3030,Ariel5466
3031,SuMoh7
3032,MNLiam
3033,jimenaezz
3034,WotschMiya
3035,MJOJA
3036,SarahEissmann
3037,inarueketi
3038,SallyKeely
3039,KEisenmnenger
3040,elgus503
3041,ElliotLRich
3042,Ipconfigdotsys
3043,telemach_us
3044,CyndiMunson85
3045,michelle92486
3046,thelilikoi
3047,lorenaud
3048,k_blomstrom
3049,paulineinspace
3050,LillianBelle2
3051,summer_ized
3052,amosmichaelaj
3053,na77579095
3054,kellmuec
3055,emilyanncain
3056,ProggesiveAlien
3057,catflatts
3058,robynsch
3059,8888888AK
3060,erinegg
3061,shanmckeown
3062,ShoshiBee16
3063,FatimaSees
3064,ClaireHeyyy
3065,JohnLewisStan
3066,MeiravLB
3067,ambroseasenga
3068,Momwatchnsyd
3069,PortiaABoulger
3070,Scottish_lass_7
3071,Gail_Deady
3072,PatriciaAOC
3073,Danielle1of3
3074,bekahfaye
3075,TaylorLoynd
3076,AshleyGaudiano
3077,TheObamanista
3078,superkwa
3079,citizen30045
3080,girlgoesgreen
3081,stephanieduk24
3082,diatoms
3083,Tessa_M_K
3084,lizzyyyyy17
3085,mfshuler
3086,itsmadsavyall
3087,_kolivera
3088,CHardingRB
3089,womanistbae
3090,BirthofaLawyer
3091,playingbarefoot
3092,brandychagolla
3093,Synntaxxin
3094,cerenarik
3095,gdcack
3096,cshusted
3097,RepSusanWild
3098,AngelyNikki
3099,AdickensDickens
3100,caltrabs
3101,karishma_oza
3102,PamitoBanana
3103,yo_sasha_yo
3104,heyitsme_Morgan
3105,tracyhotd
3106,imhnb
3107,StephenM36
3108,MichelleGrgurev
3109,RealMichaelWT
3110,alexandria_rose
3111,anjolianand
3112,GauriW
3113,snaate
3114,hellofontainee
3115,AmberLo0704
3116,dunshirefan
3117,CaitlinDashiell
3118,davyani_s
3119,osaremen_
3120,ClaireEWengrod
3121,freemariahcarey
3122,Jujuk617
3123,gescol
3124,krystalevy
3125,thevanmanran
3126,priyankamehta
3127,torylynn
3128,emilyhallrn
3129,sorchamcguire
3130,Ms_Alex_W
3131,MarieNovello
3132,mirpinero
3133,_si_se_puede
3134,RebeccaRewald1
3135,IKTRoseLaw
3136,AVerseOnLove
3137,veesbee
3138,cdbrzezinski
3139,lillygirl65
3140,sapotheker
3141,rbud76
3142,TrendyWendy72
3143,RepBillFoster
3144,janefill3
3145,AbbGat
3146,MaryNugent1
3147,MeganGeuss
3148,awexton
3149,LauraK9doc
3150,ToTheContrary
3151,powertodecide
3152,RepSylviaGarcia
3153,catmonkey22
3154,punando
3155,acHerz
3156,deminformerky
3157,hello_patsy
3158,Jules9195
3159,savemain_st
3160,ashwhite2002
3161,matildaben
3162,SunnyGaughen
3163,cristinemariep
3164,LadyLibertyJane
3165,ColbyBreegle
3166,NakulMPande
3167,CaPilarious
3168,drainthenra
3169,StephanieTine
3170,ben189999
3171,gogodawgoo
3172,MarcusWRobinson
3173,DanaFrench
3174,alexandraabroad
3175,stacymsimpson
3176,Kylie__Ren
3177,falatimbe
3178,kliziewski
3179,leigh_jbr
3180,scgroom
3181,wellokaysure
3182,renity116
3183,EmilyCh20224962
3184,dujourdaju
3185,ecophotoanthro
3186,musa80066602
3187,idht4t
3188,MsJinxie
3189,LizMoteLaw
3190,Fight4HERWI
3191,pinksnit
3192,maddikaigh
3193,aebthatsme
3194,SheraFaith
3195,KamilahHeslop
3196,alleneli
3197,NASTYGIRL2U
3198,ksully__
3199,WorldWeza
3200,permakult1
3201,greekowl
3202,jeanroman_
3203,stanleycupcat
3204,alllisontweets
3205,BT85Brian
3206,Zoe_Ann15
3207,JasonW513
3208,mandy_giordano
3209,stuartHWD68
3210,darling_nora
3211,LuxGaudreault
3212,germ_star
3213,smithjohnfrank
3214,CFJoneslaw
3215,DCCarolyn
3216,scienceis4cats
3217,crastle13
3218,torreygg
3219,KaraEmrich
3220,honsteins
3221,Tes_iam52
3222,kazahel
3223,KessKahlo
3224,APlasticIndian
3225,PeteDominick
3226,jcooltree
3227,_yeahnoyeah
3228,jvoyageur
3229,sionnan
3230,lakusfs
3231,no_panacea
3232,wittykitty47
3233,JenMaryFitz
3234,juliaiscoollia
3235,madynutter
3236,beardbolsh
3237,releasethekane
3238,mormonemanekaf
3239,MPP88383681
3240,kcharaknowsbest
3241,samscruggs
3242,advocate4victim
3243,CourtneyDJones
3244,robincapps_
3245,UndMummy
3246,jjunju_matthew
3247,blackishwoman
3248,WeWall
3249,annadromaeosaur
3250,G_AguilarOfLA
3251,AJ_Kephart
3252,chanklawoman
3253,maryrosemazzola
3254,caitlin9753
3255,aprotectinglove
3256,AidenBlair4
3257,RodDisneyFan
3258,ramona_rosario
3259,Riatlon
3260,UncyBoogiePop
3261,cp_2020
3262,dulcetdaze
3263,haydenredelman
3264,gomezmichaelr
3265,navy83girl
3266,skyegould
3267,fenwayruby
3268,CathyCross57
3269,jkickrecording
3270,joe_rigutto
3271,KY_HellCat
3272,KristinLemieu14
3273,_AlexHorn
3274,dncegirlX
3275,SRR_MSEcon
3276,J_Abdo
3277,ScottMaufront
3278,aimeylove_
3279,DaTrueLoveLEE1
3280,FossettMaddie
3281,ta2mamaok
3282,jbsteelady
3283,JordanGPittman
3284,PPVotesNewMex
3285,bluejersey
3286,nfhughes
3287,laurens_louise
3288,octavius0880
3289,Lauren_Boc
3290,cait_mccarron
3291,mmmmcooley
3292,kmanfever
3293,gerarddemilio
3294,sonnymcs
3295,aarnista
3296,calliemcampbell
3297,miliferrer
3298,LarnCross
3299,dot4dot
3300,HonSokhomMao
3301,jyamlet
3302,blueispretty_
3303,surthrivalistas
3304,KyleECronin
3305,AngieLCarter
3306,mcksylr
3307,TheNewRoth
3308,annettetorr
3309,_hannahalbert
3310,RepMGS
3311,swmo_grassroots
3312,thestavodlf
3313,bananaweber
3314,idesign3000
3315,cloudedhistory
3316,zenchild
3317,toninjabell
3318,CeeWorlds
3319,ShoeMama4
3320,username_she
3321,SertanUsanmaz
3322,manishajha_
3323,HannahBergbower
3324,MatthewJohn666
3325,ivebeenivaan
3326,ElenaHazard
3327,nycinca9
3328,Bridie40235593
3329,Sur_ike
3330,ridgejoan1
3331,scottmacosta
3332,lingering_lib
3333,carloscano_s
3334,IanColinMcCain
3335,ErikJimenezNV
3336,g8eo3
3337,livsumting
3338,DilanKalaria
3339,Dee46721690
3340,OurRevNJ
3341,realtalkwithbri
3342,CatSzeltner
3343,zhooverh
3344,SDSportsGuy
3345,RajasPurohit
3346,d64eb3a9ea7d46c
3347,rosemarybayer
3348,GAWINList
3349,Allen_JenniferM
3350,mariehere
3351,arielcgrover
3352,MDFaysalIqbal5
3353,homodorable
3354,MBlyleven
3355,samijarrah
3356,KimKargs
3357,mabrajeux
3358,Kyle_Kilroy
3359,DesJones17
3360,riley_soener
3361,gregorytumolo
3362,SonjaParis
3363,codyb1rd
3364,jacobisoverit
3365,MayaBassMD
3366,mkatnite
3367,MissBuffySpears
3368,claire_lundberg
3369,nicojens
3370,muffenboy2003
3371,ArianeFrosh
3372,MikeRoseLA
3373,shancanrantan
3374,meldej
3375,OsamaBinReagan
3376,enmeshedinweeds
3377,rsnekser
3378,catsandvodka_
3379,lifeistiff
3380,sweet_coloosh
3381,DocReesie
3382,CarmenMTZ
3383,mandywarhol
3384,pattysmattyvt
3385,Cappawana
3386,the_nine_hills
3387,People4Barbara
3388,Heastrom
3389,Phanzon
3390,MrEdYR
3391,StrangeWeather3
3392,MereteVonDOE
3393,pyxell_
3394,WWHAlliance
3395,cratsdemo116
3396,BAGsMom1
3397,ProgressiveAPIs
3398,MelMcIntire
3399,Positive_Pups
3400,m_dukes9
3401,HandlebarOXD
3402,cody_rapport
3403,ThiernoAdama1
3404,LeeWhoLikesMath
3405,SocialDems2024
3406,DialaRedding
3407,maaagggsb
3408,SipeMrs
3409,MartinHerdoiza
3410,CryptoNewsArea
3411,openloop
3412,AndyBiker1
3413,Barkbar21435609
3414,treepstl
3415,JessiDG
3416,malcolmm203
3417,IrishActivist
3418,truthpowermovie
3419,StacieShepp
3420,linnie_kat
3421,IjmaUnitard
3422,cookiez_monst3r
3423,sparkreignited
3424,jessiehellmann
3425,votelaura
3426,AnyaWhoEdits
3427,KenEastYDSA
3428,babyshoesmcgee
3429,nancykoziol2
3430,Schmoozin75
3431,Chris45177
3432,jessicaharrell0
3433,PaltryPeep
3434,CloudyCloak
3435,SoulsMen
3436,JD_Grom
3437,britjud
3438,ButterflyLove_8
3439,heathermhuber84
3440,AmesMack
3441,MarkOwe79457276
3442,Karyn_O
3443,hd_lily5
3444,DigLeonard
3445,TiporTiff
3446,LeiCasans
3447,CatPractical
3448,anne_bishton
3449,Fighter4Rights
3450,SadDemocrat
3451,anneknitsinkent
3452,JordanTlow
3453,KNeich
3454,TomWillMadeIt
3455,renee_tamela
3456,drkatraphael
3457,shirleydmartin2
3458,courtneytrouble
3459,AuntieApes
3460,darrylofranklin
3461,AdemKirbasOne
3462,Jill182
3463,lonepalm78
3464,myspermmychoice
3465,Barb__Garcia
3466,Bouncytigger674
3467,bethvial
3468,mjolnar
3469,CindyUrdinola
3470,Afierce11
3471,i_like_politics
3472,lolitabel
3473,itsparinaz
3474,colbad2
3475,KimmyG000
3476,SaintHornet
3477,DeannaWitte
3478,ali_mann19
3479,yosoylamarene
3480,MrsBoomer
3481,v_jd04
3482,CameronLease
3483,becca_46
3484,SDercher
3485,CoWino
3486,jryan19892
3487,Verrnal_Verrtor
3488,AGRobBonta
3489,mkedems
3490,jerryjordan823
3491,UB40orthensome
3492,Polemichael
3493,sperm_is_life
3494,lilyshield
3495,RoyalSaddler
3496,liaxnyc
3497,cink62
3498,_GAKR
3499,AbdullahiAhme25
3500,NoMandyInSight
3501,PJrzygoil
3502,JackieFilson
3503,aleaiactaest49
3504,jeaninoakland
3505,Hatetwiteraolc1
3506,dinawk12
3507,FromDdiddy
3508,MicheleDTweets
3509,LadyClaireAnn
3510,jambo_kiddo
3511,mfstrees
3512,SusanTu26455467
3513,StephenPPovoski
3514,nursenette69
3515,TheRealMissBev1
3516,_pangwin
3517,WGNRR
3518,MattTheBro99
3519,Vanny97
3520,MelindaFagerst7
3521,StandForLove1
3522,MRSNUTSY
3523,nmbound9
3524,MarkL1923
3525,jhumpton1
3526,roanieO
3527,munitras
3528,laraslife
3529,am_masucci
3530,RVoiceofreason
3531,ThomasW97045394
3532,DeepakNandaVC
3533,booksmusicdream
3534,MajoBarreraL
3535,melaniebodner
3536,karicircle
3537,disney_fox
3538,RepSeanMaloney
3539,saqarra1
3540,fanatzki
3541,NaomiSlack6
3542,TheCabaretCook
3543,KTselli
3544,gill_simp
3545,TairrieB
3546,heisnberg_blue
3547,amysuezq9
3548,politisoap
3549,christian_elan_
3550,PoliPixCo
3551,HattonCarpenter
3552,GavinCMartin
3553,floraWallace
3554,RepValDemings
3555,MsCLStewart
3556,Elisabeth_Drcy
3557,Vincent_VanGone
3558,JellyCleaver
3559,JohnChum4
3560,neltymind
3561,asanchez0292
3562,sunnyliolios
3563,DebbySharkey910
3564,kat_drinkard
3565,SolidarityHaver
3566,FrancaSmecca
3567,famplanfan
3568,vetcannonola
3569,LadyHawke728
3570,mh_mu2006
3571,illuseion
3572,skylar_914
3573,WomensChoice3
3574,marygribbin809
3575,Tootsy1972
3576,MrEricTHarris
3577,LinaSCC
3578,Sanbecko
3579,BluewavGirl
3580,aprrey66
3581,MenesesAnalya
3582,ommaaarrrrz
3583,JohnOliverAstro
3584,rachelrooster_
3585,claire273014
3586,restlessqueer
3587,engagedcitizen6
3588,arin_edel
3589,wellroundedwell
3590,Mjburns28
3591,EAKleinhenz
3592,barbesnow
3593,tekldy
3594,worldpeacenow10
3595,janag47
3596,medicine_gov
3597,Kokopeli57
3598,RachelLinstead
3599,UltraViolet
3600,BeckyDMBR
3601,RiannaCYoung
3602,standuptduss
3603,ArmyMother3
3604,Bev_Teague
3605,MNDemMom
3606,votekaymurano
3607,sylviaslevy
3608,cartonthemoon
3609,JaidMoon
3610,amsanchezpm
3611,txgal_in_ga
3612,Xynyx2001
3613,guythatwalks
3614,lawebs
3615,holden4florida
3616,equality_lawyer
3617,naiara_decuba
3618,vg2325
3619,fmitkowski
3620,Kimlee1956
3621,NitaLowey
3622,AmandaSDaigle
3623,nrmathenia1959
3624,MaraAKuhne
3625,crwoit
3626,mia211csl
3627,chrisiseli
3628,LiberationPac
3629,micheleweiss01
3630,yarnetc
3631,meganON21
3632,tiffnycounts
3633,Michmone
3634,hemingwayrules
3635,air_max_7
3636,CAPAC
3637,sageen18
3638,BalancedDogs
3639,AlvesPatsy
3640,peadiddy19
3641,SuzC
3642,BrianSchwagerl
3643,princeendymion7
3644,Vigilance2Peace
3645,msnataliemarie
3646,AlanFra12135247
3647,elsa95531
3648,alice_wibberley
3649,LisaD333
3650,emmacatherin3
3651,TheresABee13
3652,martha_havranek
3653,AlxndraBshp
3654,ellebeee_
3655,kiaguy65
3656,KTravisBallie
3657,LouiseC41210565
3658,judygriffinny
3659,i_need_an_a
3660,suzyq1367
3661,haahpuh
3662,PatrickSchranck
3663,thefutureisnoun
3664,Jhadley_2015
3665,jfw718
3666,RYLesterATX
3667,Splendiditis
3668,rleonard1972
3669,tammyy_san
3670,kch11001
3671,ronniesjsharks
3672,missmayhem75
3673,HeidiM_67
3674,bizgirl2018
3675,LYerton
3676,lain_steph
3677,radioactve
3678,E_0509_
3679,kmorsewriter
3680,hellojohnfisher
3681,brewer1131
3682,DemsFight4U
3683,WendBK
3684,carolimarita
3685,MikeParvenu
3686,ekm2128
3687,SciSuz
3688,WattAmIDoing
3689,MsSJOReilly
3690,lexxjohns
3691,MVessely
3692,ari_yacker
3693,MM_likes_data
3694,OhioWomensWatch
3695,EyeSplicePhoto
3696,mrsmoira
3697,Rilindja8
3698,AMuseEmbiggens
3699,LesWynnD
3700,Vanessa_PTP
3701,CheekyForChoice
3702,jahsun
3703,RachelBreman
3704,swoodsys916
3705,poxy_proxy
3706,Eileen05438425
3707,reddoxferus
3708,ntsbfh
3709,vajrajames
3710,SpecBurns
3711,PerkiGiver
3712,DonDiegoAleman
3713,byebye45byebye
3714,enriquedavis
3715,ElizabethDLemon
3716,sunamski
3717,jagallow
3718,kristenhall3
3719,KnittingMM
3720,annawritedraw
3721,dcfairbank
3722,alexlovessancho
3723,marissaluca98
3724,Garrett___k
3725,artabenoza
3726,lynleestep
3727,OCMedium
3728,gonzalesamberd
3729,Jen__Benson
3730,VanessaMiller_
3731,RemingtonONeill
3732,noahjross0121
3733,Jane__Meyer
3734,rsporush
3735,AvrilGeorge15
3736,info4icetunes
3737,synkdorbit
3738,katieab11
3739,TaraDunderdale
3740,Kennyjr3540
3741,queenymom
3742,6puma
3743,JulieRButler
3744,quepasakilbasa
3745,RuthCHalberg
3746,MPayneCville
3747,oliviaschulz26
3748,Samples212
3749,ZackShields
3750,perfectLEE_mee
3751,exfkaty
3752,miltonsoares
3753,realsheldiablo
3754,mhp_1776
3755,Krishan_A_Patel
3756,KADorgan
3757,ConcretNSewrgas
3758,eduwetzel
3759,caitlinrcruz
3760,Jewels8031
3761,L_KaneHartnett
3762,HouseDPCC
3763,SenatorLujan
3764,brittspolitical
3765,dem_rat
3766,arkoprovo
3767,cool_v
3768,theOldHouseGuy
3769,NevadaNOW
3770,TheDarkestEmoji
3771,SOCALSIVAN
3772,demsmight
3773,bleuhands
3774,BookishFeminist
3775,aeisdc
3776,joyfulnoyz
3777,Cano4NC
3778,cadenceofmylife
3779,_benniboi93
3780,frickmeiguess
3781,agenda_feminist
3782,MayBIllegal
3783,CindyBielas
3784,KCobrain
3785,CarolHe45652844
3786,Carenid
3787,cateady53
3788,CourtneyAnne36
3789,Zerosumgrl63
3790,DElliottmurphy
3791,NathanRoyJames
3792,sminchicago
3793,page_county
3794,DC2CA
3795,physicsstew
3796,yogiomm
3797,KathrynOBrienS
3798,lesleyabravanel
3799,ChloeZeraMD
3800,sweetshannon56
3801,Opolitical18
3802,inbusiness4good
3803,TrishuponastarC
3804,JTCK17
3805,HSHRavenrose
3806,hollybullockmph
3807,JesseLawder
3808,tripeggert
3809,JanuaryHandl
3810,EstherdeBerdt
3811,AngelaMarchin
3812,KtMcH
3813,snailor_neal
3814,ProChoiceWA
3815,IanMaloneNJ
3816,voreason16
3817,quartzion55
3818,Nikki15961994
3819,jjmillet
3820,kellitweets
3821,RealRyanJKaz
3822,bradleyneugent
3823,illysaschrager
3824,ronda9504
3825,Typical_Hangout
3826,carrie_m17
3827,KrystalG_93
3828,JessieLosch
3829,KarenPeabody
3830,liberty_4life
3831,sarahdespres
3832,Penpillick
3833,link12213
3834,geohumanism1
3835,ElectEricOCCD3
3836,shaelynavalon
3837,ldelao76
3838,ellepolloloca
3839,qxz923
3840,MaisyS12
3841,parkercpayne
3842,RepDarrenSoto
3843,carpediemer52
3844,lizzy3905
3845,Sarah_Swig
3846,AneJonivloP
3847,GenXUrbanHippie
3848,hollyplotnick
3849,sarahndipity_00
3850,dr_moayedi
3851,GreenNTheGhetto
3852,nicolecata
3853,Feminizzzm
3854,trustinkind
3855,BlueWaveRises
3856,AndreaCarlaSM
3857,AudreyBusby
3858,kelsey_lester
3859,xoIindsey
3860,iblendedthat
3861,donkey_sauce_
3862,adammspecht
3863,Susacello
3864,emcarmichael
3865,cuhhhlaire
3866,dillman_diana
3867,TheAnjEffect
3868,Destynnee
3869,DustyGinner
3870,leahmgordon
3871,pickledquips
3872,jpfiorillo
3873,V4DC2
3874,PPActionCA
3875,MsYeseniaChavez
3876,mclemoremr
3877,puppyfl0wer
3878,marschaebee
3879,keep_summe_safe
3880,mnlizzy
3881,atticaforky
3882,thejoshuablog
3883,rdbarson
3884,pursequest
3885,MindfulTShirt
3886,b_macbain
3887,sam_Mantha_Love
3888,doccrearperry
3889,FaithFlaherty8
3890,walk4choicesea
3891,ThesierLisa
3892,jaceybyers
3893,k_kameron
3894,Marina_Liz
3895,yesthisisk_wade
3896,emilysbishop
3897,LSalmiery
3898,bonradcenz
3899,maggie_rousseau
3900,GrowinJo
3901,kat_victorious
3902,popconnect
3903,evathegem
3904,jenny_vanyur
3905,bfred34
3906,BDixonPop
3907,SchmOprah
3908,LydCatherine
3909,TrumpMiloLover1
3910,kathrynjoseph19
3911,PPAAWest
3912,peterrawet
3913,twtbawbags
3914,JudithMPriest
3915,_zbulls
3916,HannonDona
3917,emilyanneck
3918,BeCauseDC
3919,qwiinlina
3920,colemancm
3921,JanesDueProcess
3922,SwartzSabrina
3923,SRHRCommission
3924,Koool76154513
3925,SydneySpreck
3926,mamaria33
3927,EmergeIowa
3928,Danioreganx
3929,kc1234567890000
3930,WIN_NYC
3931,TrumpSucksEh
3932,moylan_kathy
3933,LisaSimpsonLib
3934,ByTheFolks
3935,joshua_brits
3936,clintonhallphd
3937,RachelEClement
3938,FrejaWunjo
3939,FrlesFemmeFtle
3940,Okay_lk
3941,jelyse94
3942,cancerslayer13
3943,NoOneAskedUDoc
3944,notbaileyy
3945,annaliviful
3946,luckychick5
3947,DianeGallagher
3948,Sanjuanjame
3949,Bsgskico
3950,mariafergus1
3951,BrendaWhorley2
3952,Thursday_blue_
3953,AbortionSurviv1
3954,ColetteSage
3955,Courtne18549880
3956,dragoonartist
3957,MN4Access
3958,LindaCa02408644
3959,USPoliticalTalk
3960,Ari_L_5
3961,VagStrong
3962,alranztweets
3963,LtGovDennyHeck
3964,dawnlaguens
3965,cbpolis
3966,abby518x
3967,northernstar171
3968,ChloePolitiCat
3969,rocky_95
3970,martel4u64
3971,kls_kare
3972,Beckybunchtvrg
3973,callieparker
3974,DanielBleiberg
3975,MalindaFrevert
3976,natashalgonz
3977,slgilmer
3978,TonyAaronII
3979,mzjananiflores
3980,RebeccaSeetahal
3981,kalistanislaws1
3982,BlackWomensRJ
3983,Andrew_Green_CA
3984,cantucjoseph812
3985,BasicBipartisan
3986,bhowmickanamik2
3987,HussainTopu083
3988,shroomtester
3989,OVaincra
3990,kchau_03
3991,PCWA_
3992,Ethanfeminist
3993,pedrofuego
3994,mira_897
3995,Bre_BreC20
3996,KidCasteel
3997,bananastandB
3998,TheDonkeysAss1
3999,AnMuthus
4000,hartwig_bill
4001,MarienRajan
4002,RDuberstein
4003,joiedevivre3005
4004,_katiekins
4005,VivaLaRed_
4006,MikeCzin
4007,chgrimaldi
4008,daniellerobbio
4009,renurayasam
4010,CHINWAG2day
4011,Justinseagull36
4012,Mr_Antifather
4013,ScorpTx
4014,DrWAVeSportCd1
4015,dazzledtodeath
4016,AtSignCNP
4017,dowhatisright10
4018,katrine1122
4019,PointLomaPam
4020,lizavanmol
4021,RepRoKhanna
4022,Robina7878
4023,BlockchainEng
4024,ActOutActNow
4025,Jamestown01986
4026,callmekaye__
4027,A1VerminRemover
4028,repsac3
4029,dannylemmon88
4030,CalebR312
4031,MelissaBParker
4032,MaxineSugarman
4033,IrishBrian2
4034,EllieJay43
4035,WithFeminism
4036,FundingASAP
4037,KatieKaboom3
4038,SSTX_1990
4039,favianaalicano
4040,Barriefg
4041,nancyconklinsto
4042,kattitudes
4043,DemsDigital
4044,imtutwo1
4045,KathrynWeisberg
4046,philnevergiveup
4047,JeffFis55884758
4048,ijeepgirl6
4049,HardsonMac
4050,alexkledzik
4051,MsMyaEvans
4052,Michell52983434
4053,NinaSRussell
4054,lyntly1
4055,PauletteStL
4056,Bryce__Johnston
4057,ElizaLansing
4058,CristaDee72
4059,TraceyN59748208
4060,mamabirdconk
4061,letat_lechat
4062,sevenbowie
4063,obenjamin0oo7
4064,JustAGirlHere23
4065,RocketToAStar
4066,zrjaffe
4067,ElleMcGil
4068,FranklinLambe20
4069,HADENYOUNG
4070,cruseranna
4071,ariander713
4072,hanleyhiggins
4073,agboettcher
4074,AlisiaSchu1
4075,sharkandolive
4076,scrubs_and_ink
4077,meghanwalkr
4078,goobywad
4079,ADSchindler
4080,cshapir2
4081,kmhaines
4082,annekaustin
4083,sme_177
4084,alison985
4085,MarcyMN
4086,CinthiaForPhx
4087,notadotard
4088,HammurabiCode
4089,MalloryMcMorrow
4090,JacobARains
4091,MyP_Chicago
4092,bt4bbs
4093,rebekahcoffee
4094,chattyjj
4095,jurzygl007
4096,annasmorrison
4097,OuiserB_NC
4098,waterfrogwater
4099,prochoiceguru
4100,KauaiHorses
4101,MikeGD100
4102,PlannedParentWC
4103,VoteBLUEonNOV8
4104,Lo_B32
4105,MangaAza
4106,guacfeminist
4107,WoodstockMarch
4108,ImpishMisconcep
4109,Cleary313K
4110,douglas23958838
4111,TheTruthh______
4112,ASMMaker
4113,13luthe
4114,Emma_clare_8
4115,fed_up_to_here
4116,LittleFryingPan
4117,jimmythegourd
4118,DashikaW6
4119,kerryogrady5280
4120,TheySeemWrong
4121,JeradVSutton
4122,bryson9213
4123,digitalrose9
4124,sikntyrd54
4125,cyp3
4126,thatFreemason
4127,annecblackmore
4128,ASUHaifa
4129,fashionandmutts
4130,suneetmahandru
4131,bix783
4132,florida_female
4133,JimmyGomezCA
4134,chapulinpena
4135,votemoscato
4136,RepJimmyGomez
4137,ohmygaa1
4138,happywhale360
4139,Jesselboyer
4140,HAPhillips71
4141,jrzygirl13
4142,kashmir_women
4143,lsnpolitics
4144,phoenixjray
4145,Starlight42096
4146,womensmediacntr
4147,side_of_revenge
4148,imwithstupid005
4149,Patrici25078650
4150,jwang306
4151,elizabethxutang
4152,LangSyneAssoc
4153,ontheissuesgirl
4154,torilink
4155,ersugarman
4156,smith_danielleh
4157,joshuaskidmore8
4158,unitedtostop
4159,Hunter_Malone1
4160,CamrynLarsen
4161,jdennis247
4162,GreenRushMexico
4163,iwo_indian
4164,Heather27920745
4165,AutumnSodomy
4166,PPIAction
4167,Angelakaye777
4168,_pro_choice
4169,world_cartooon
4170,Justinmoffical
4171,gwen_sletten_
4172,rePROsFightBack
4173,CharlesPDavis
4174,QueenGnorga
4175,MargaretDrohen
4176,kcmill00
4177,teri_sez_hi
4178,ZfrioMarina
4179,danielle2u
4180,RepHanabusa
4181,resistdumbshit
4182,traceynREALTOR
4183,daviddowdy01
4184,HussainTopu02
4185,libary_lady
4186,ZulianJam
4187,_savtweets
4188,sleepyyflowers
4189,RyllieDanylko
4190,sar_oso
4191,TBaird1971
4192,lin_dingwei
4193,melanie_gov
4194,sherrcarr
4195,j_r_church
4196,hoftshon
4197,KelseyDenny
4198,mariellawatch
4199,socialistmeg
4200,AmerIndependent
4201,jmvernaelde
4202,Lrondo9
4203,CookseySavannah
4204,melindacasino
4205,coyotethewitch
4206,ghhorsfield
4207,aaamanda
4208,commondreams
4209,KellCope
4210,lefou23
4211,clark1eyedjack
4212,caseykatims
4213,FPAMaine
4214,JohnsonRyan19
4215,ericatherine93
4216,OrlethT
4217,babayaga88345
4218,5foot1inchofgay
4219,MissSeanSpicer
4220,KatahariFrazier
4221,crazyunclejoe
4222,CarolineSherm20
4223,nanshafer
4224,caritaw
4225,LindaMLC
4226,penguins4peace
4227,ShanaSchlabach
4228,Cyborg_Unicorn
4229,MandyAhr
4230,gtwife
4231,cynsvam
4232,PatentlySue
4233,WhiteOnyx981
4234,grandmabarbara
4235,nonsequiteuse
4236,bonagogo
4237,HIPAAHughes
4238,theOriginalKomz
4239,drew_t__
4240,noah_a_p
4241,HeidiRoseEsq
4242,Katweeta
4243,DogMomLex
4244,CWSOutreach
4245,MOFHC
4246,SchembriMel
4247,FemMajority
4248,rantsandguts
4249,inspired_idea
4250,Vicqysiwa3
4251,ChloDubs
4252,DanielsTeagan
4253,casnhtx
4254,kestrel1937
4255,gobuxgal
4256,PPESActs
4257,BeeGoddess64
4258,markleo1111
4259,sean_r_owen
4260,kristinmgentile
4261,y_mayayeva
4262,ngienatalia
4263,roselacour
4264,RepAnthonyBrown
4265,RepTimWalz
4266,chrish11594
4267,ACOGAction
4268,selkie_dream
4269,AriSafarrii
4270,ebwalliscsc
4271,lawgirlwa
4272,bren422
4273,TheDrDinge
4274,KeepBCFree
4275,gcmarts
4276,keystonecaseorg
4277,Dway79
4278,ScottHoustonCA
4279,ItyBityCatLady
4280,TheMizMercy
4281,EA_Miller17
4282,contraline
4283,VoteChoice
4284,lschallert
4285,that_overthere
4286,MisseyMoooo
4287,seporaefron
4288,madasawethen
4289,HorriganCaitlin
4290,haleyottem
4291,LindaKWS1
4292,pisceseason
4293,Liliana_Ascenci
4294,llcrabbe
4295,NAPAWF
4296,arabenthusiast
4297,DemWomenCaucus
4298,LindaKe32747273
4299,Karen_Ritter
4300,woman_equality
4301,Progress_NC
4302,elisedorazio
4303,M_Lipshutz
4304,Lagunasunset111
4305,LagunaBeachDems
4306,AveryGillick
4307,kappyfones
4308,ThaddusMbachu
4309,janey_barron
4310,_primordialsoup
4311,ethicstudies
4312,gerrydavid155
4313,Luckiecarms
4314,PPact
4315,MariusUrLate
4316,_jdriver
4317,ALSterley
4318,RuohanYang
4319,ELMarkD
4320,swamijie
4321,LINWOODWEEZEE
4322,MaryAnnSandife1
4323,MDABULKASHEM4
4324,kim4peace27
4325,OperationSLives
4326,Sando73K
4327,sugarme_plz
4328,pareecespuffs
4329,nk7735
4330,JGottsleben
4331,TribeGovernment
4332,PassRHCA
4333,AlasterClifford
4334,Rosie
4335,lissie_w
4336,RogueICURN
4337,_Justice4Always
4338,Indivisible_23
4339,Tolerance334
4340,charlot21842800
4341,towntaker
4342,MorghanAprelei
4343,Tu2Bene
4344,mercifulblend
4345,SavingLTLTrumps
4346,DaveElkinson
4347,campoverdesumb5
4348,IAMDIRTYYDAN
4349,YrBirthControl
4350,malloryschwarz
4351,rammyswag
4352,TruffleBrain
4353,Wynk2U
4354,SarahSmith4WA
4355,pkbradley
4356,sonianorton95
4357,WVFREE
4358,ArletteTinsley
4359,ALWomensCenter
4360,jsquinter
4361,TitaniaFae1
4362,ARosePozzi
4363,aaallix
4364,BadKarmaIn2020
4365,BambiKay22
4366,Momis_Mom
4367,AnneBonny1982
4368,BlakeRocap
4369,hea_therr
4370,2020hazeliz
4371,kerricwade
4372,GumbyAnne
4373,KimberleyTanks3
4374,karinnehill
4375,CohenLorenz
4376,Catholic4Choice
4377,kgoods94
4378,OmarS_89
4379,ChrissyAnecito
4380,HAbbaraju
4381,weinercob
4382,FazioSierra
4383,janestclaire95
4384,DianneNora
4385,WriteyJennaB
4386,abortionfundpa
4387,cfcmonitor
4388,dulaney_emma
4389,RepDwightEvans
4390,kathygard
4391,polito_mom
4392,juli_adhikari
4393,sarahsophdean
4394,julietulbert
4395,kirstentinople
4396,Gotham404
4397,gutman_sarah
4398,gumplr
4399,JNeilPhD
4400,roseburgraised
4401,mpeace
4402,MattEnjoysLife
4403,Jolie1982
4404,Pri_Borpujari
4405,unfollowmetbh
4406,robert_L54
4407,lucaschompchomp
4408,SainSandi
4409,MissDemocrat
4410,hufflepuff36
4411,BMurphg
4412,AmandaKrzepicki
4413,HelenSaintHelen
4414,audge9129
4415,Kreysawesome
4416,blockingbots
4417,fluffymoozuki16
4418,audreyyynelson
4419,Dzigavertovv
4420,bethsknits
4421,dunckel_p
4422,lifetweetsduh
4423,FrankPallone
4424,latrice_n_w
4425,tfreds21162
4426,Bruchell1
4427,Im_TheAntiTrump
4428,MadSpikyFruit
4429,Stanton_Strong
4430,shouldvbeenason
4431,blakely_hill
4432,adnanukhan
4433,shaymaybury4
4434,Lorelahia
4435,anachsunamon
4436,SonyaHearst
4437,frank_sheung
4438,ShelShoK9s
4439,julietdcdem
4440,WholeWomans
4441,SleepSkee
4442,suzthinkz
4443,HouseAdm_Dems
4444,BrooksHooper
4445,haleyv151
4446,CopeFTucker
4447,alexandergreyyy
4448,orphansyemen
4449,UptownGirl_xo
4450,htxnessa
4451,lowkey_lilo
4452,SWWomensLaw
4453,ajphdeputyed
4454,BonnieKOliver
4455,real_rrv
4456,s_smadi46
4457,AJ02061
4458,SheriFlanders
4459,Fiveonthedot
4460,Lord_Joseph
4461,thewendywink
4462,sandwichears
4463,slsinca
4464,March0nSD
4465,MonzeradR
4466,Peter1Uloons
4467,gabrielleiris90
4468,Sds18543
4469,djkingassassin
4470,lafantome
4471,6BillionPeople
4472,Rimusic1
4473,RogerRgrdavid4
4474,abortionfundAZ
4475,LukeeCS
4476,Hoyt_Mr_
4477,verified
4478,VioletReads
4479,frankiechiweezy
4480,drhouse15545
4481,NewsfeedDK
4482,tadros_98
4483,Bufclayman
4484,davidmrowca91
4485,DanielBeerthuis
4486,NotAcquiescing
4487,CCDUTH01
4488,bringinmore
4489,TWWLosAngeles
4490,Sheragh14917512
4491,RepDanKildee
4492,AlbertTLunde
4493,austrokurz
4494,rios_the_bold
4495,FearlessJLK
4496,hmbeagle
4497,FrogorToad
4498,DiploMomMumbai
4499,arlene_reyna
4500,dannerandleman
4501,DemsAbroad
4502,Zaneyzen13
4503,DW415DW
4504,coop376
4505,floridamiramar
4506,davge107
4507,standardforlife
4508,aloe0812
4509,missmariah_t
4510,786_2812
4511,kater8868
4512,bananabluepro
4513,KathyDiefenbach
4514,Marengel4
4515,juliawithana
4516,Womenrisingall
4517,DCMTennis
4518,nancypRDN
4519,tvislocky
4520,laurenashlyy
4521,DoctorHollyDVM
4522,YourAuntieAlex
4523,KateNorris17
4524,clairmc
4525,Wolfey33
4526,Pou_Liniella
4527,vedpragyan
4528,lopereny
4529,MingusInMalvern
4530,XianAtty
4531,apgarsa
4532,clinicboss
4533,jamali_maryam
4534,hsuoear
4535,isawthesethings
4536,jakeweilers
4537,BlueTraneing
4538,Caty_LG
4539,staceynewman
4540,alexiscole
4541,csilberman70
4542,introblurt
4543,clg0519
4544,JennieinDC
4545,Jeanie_Donovan1
4546,sfarrell81
4547,mpgPhD
4548,scdigiac
4549,TEMullen
4550,SFGiantsMissy
4551,abbybron
4552,Yellellen
4553,BeccaHialeah
4554,StephanieGlover
4555,Melissa_Angell
4556,MariaOparil
4557,MtnGirl1972
4558,LauraDorle
4559,adriannehughes
4560,abigail_doull
4561,thisniss
4562,StephanieR729
4563,justsnap2
4564,m4ler
4565,amsterdizzle
4566,Ginny_ficaddict
4567,TrumpsToxic
4568,resistomatic
4569,imcosta1
4570,CrushTheCheeto
4571,paigejellis
4572,ConcernedinTX
4573,Ffhheather
4574,RepEspaillat
4575,odinvpole
4576,womensmarchmi
4577,MacPlymouth
4578,yane1515
4579,dwaynecobb
4580,ShannonRuef
4581,GenderSexLaw
4582,GlobalHERnotGAG
4583,SRHRforAll
4584,HSchneir
4585,woodshorse
4586,wethepeopleTX31
4587,RecoveryRocksU
4588,lisahbartley
4589,SikderAhiduzzam
4590,PaloAltoKaren
4591,cbergevin
4592,naenae82575
4593,MinervaSeas
4594,RPMAstronomy
4595,politicalgeneve
4596,lchalat
4597,AtheistAnthonyH
4598,RepBera
4599,joolliess
4600,redi1209
4601,pcblack65
4602,broomfielddems
4603,moondragon420
4604,BMAlbaugh17
4605,cmrush1112
4606,DapperDemocrat
4607,BeckyPhillips9
4608,rweber417
4609,JoannDeM
4610,upstander_2
4611,MrScottMairs
4612,mchicon
4613,teqinora
4614,hturner2090
4615,RuralLefty
4616,o_larita
4617,nona2578
4618,maxwellbork
4619,dvyscott
4620,karilyn23
4621,SistersLoveD1D2
4622,NotThatBean
4623,dolfin513
4624,KristinOlliney
4625,ann827
4626,danielafc
4627,ProChoice_SB
4628,L1957Mike
4629,Rivers2x
4630,ExpeditNon
4631,mlwinsto
4632,CltrotLyn
4633,gurl_pacific
4634,EmoSupportHippy
4635,cieraaab1
4636,VeronikaPaluch
4637,RepJayapal
4638,RepBarragan
4639,Klatsch4Action
4640,FlowerInFaith
4641,kendalllawrenz
4642,zariharat
4643,ABallhagen
4644,WomanProjectHQ
4645,LeighAnn_C
4646,n_ise27
4647,sugesage
4648,Lotusgirl625
4649,peoples_defense
4650,stogieandbacall
4651,Cricquette_
4652,RHarrisRobinson
4653,stevenmclemens
4654,SarestBearest
4655,POOLTABLE_MOVER
4656,Fuzzlemuffins
4657,Gjagan727Jagan
4658,ECGNecBake
4659,synesthete1
4660,KHidawi
4661,Nycd16Indivis
4662,samiamsamh
4663,modushomes
4664,Belinda_McBride
4665,i_kosmos
4666,LynneWeil
4667,PattyHawbaker
4668,steffibadanes
4669,Bob_Beaulaurier
4670,conniecuoco
4671,Fuzzypants1611
4672,MelissaB76
4673,TheresaDupuis3
4674,TChimbwanda
4675,goerizr
4676,bigalrlz
4677,ctfmuse
4678,LaurenJane2588
4679,RepRaskin
4680,inakigcabeza
4681,cleverlandkev
4682,Response2020
4683,NickSilvey12
4684,MatthieuQi
4685,sophiaoftara
4686,actinfonetwork
4687,DamienQuits
4688,tygerdicus
4689,LTrimmr
4690,NeoPolEnamorada
4691,erikafernc
4692,Kromines
4693,ActTogetherMA
4694,democrzgirl
4695,shoegal1544
4696,debannis
4697,AnnaMonrose
4698,101Funsun
4699,LJREIDMD
4700,OGMelMack
4701,JHabes726
4702,DBChirpy
4703,mrosslevin
4704,pattymcshane55
4705,abby_kingsley
4706,tarheelblue98
4707,DoughBoyMan
4708,kenia_g5
4709,MWMulder1965
4710,shawnjjstewart
4711,socialstability
4712,IssuesVoter
4713,LaveCharla8
4714,mtndancer
4715,PolicingEquity
4716,mojoJoeJoe300
4717,PleaseVoteUSA
4718,LIBERTYvsTRUMP
4719,CaseyLBaker
4720,dal_dalbourassa
4721,DonotheRhino
4722,IfWhenHow_VLS
4723,VegasTaCoCaT
4724,dionnak
4725,FaridHala
4726,Lystless
4727,Only46Percent
4728,Ma_2twz00
4729,judy_grizzard
4730,BeInspiredRF
4731,Jeanniewhitman1
4732,freddymac97
4733,DY_GiveMeLibrty
4734,vet1928
4735,Jaldevine13
4736,novahouston_
4737,karambutan
4738,Sgoggin91
4739,NeoAltUniverse
4740,dawnleebrewer
4741,hannahziporah
4742,AaronTacy
4743,Rachel_Zeeee
4744,dvnaron
4745,RepScottPeters
4746,RepRobinKelly
4747,RepGregoryMeeks
4748,Cleve216822
4749,SMCollins2
4750,StopTrumpNow_
4751,JaniceHartung
4752,MaslowMama
4753,Dina_titus_
4754,Krystal68627799
4755,Lshortiebomb
4756,FightHate2017
4757,grosserblan
4758,griffithmelanie
4759,DPMCanty
4760,northwestraven1
4761,HeatherMedcalf
4762,Sharnnan
4763,afkraz
4764,ellen_spins
4765,ZGMMMMM
4766,warpdesign
4767,donnafrassetto
4768,dmb0914
4769,MiseryXchord
4770,KathrynBambino
4771,Biznezwitch
4772,kinneret
4773,treehousehill
4774,LisaHayesClark
4775,2roamunseen
4776,MeganHuber22
4777,HahnReporting
4778,krissyispissy
4779,DavidSieden
4780,Stand4Liberty
4781,Conrad75
4782,DemWomenMntyCo
4783,Nomalcolmno
4784,HailThee
4785,rameshrd
4786,rizzreed
4787,katealyon
4788,ManlyrogRoger
4789,IndivisibleSoCo
4790,CarolLoscalzo
4791,soledadobrien
4792,paulryansmail
4793,jammywammy126
4794,Kristin_Eliza
4795,protectplannedp
4796,hminchew
4797,beccakdennis
4798,dillysev
4799,pai_org
4800,christinasemmel
4801,tweet4civicact
4802,ozzyfan1962
4803,ViyanYousif
4804,Indivisible_WA9
4805,kariSwag60
4806,angelrope
4807,_karavaggio_
4808,TrishReda
4809,asporovec
4810,VirginiaAbs
4811,sbhowley
4812,WaywardGirls_TV
4813,erniebufflo
4814,Southpaw253
4815,SaraImersheinMD
4816,tngaston
4817,slwslw790
4818,abortionstoryp
4819,Feliciastukey1
4820,maura_munley
4821,soveryupset
4822,WolvenMichigan
4823,RepBarbaraLee
4824,MaravillaHelen
4825,birdgehrl
4826,RepDonBeyer
4827,RepJerryNadler
4828,nadiachait
4829,CarpeJugular
4830,Anna_Snackz
4831,vtmeghan
4832,alisonturkos
4833,cfrost674
4834,fairygodmomma
4835,caraet
4836,SmNasta86
4837,gisantelli
4838,skyebeare
4839,PPPA_MegRoach
4840,juliadstafford
4841,emilycrockett
4842,pherrero_
4843,lydiastuckey
4844,Katie_Speak
4845,KellyBaden
4846,laurenBpaulk
4847,ReproRights
4848,jesdenm
4849,kelseym88
4850,outpaigeous
4851,a_thaisanj
4852,nwaafund
4853,RepPerlmutter
4854,jackarriaga
4855,ldavisstover
4856,MvigneC
4857,dknycliberal1
4858,alejand91236886
4859,SamanthaRWarren
4860,GaylynnBurrough
4861,rachelneaster
4862,snebarot
4863,maryschill
4864,EEMahaffey
4865,andrewfrol
4866,repdinatitus
4867,homegypsy
4868,RepMaloney
4869,daomination
4870,RepAdamSchiff
4871,Bookcharmer
4872,janschakowsky
4873,RepSpeier
4874,xpostfactoid
4875,PeterWelch
4876,RepTedLieu
4877,cparisi424
4878,JacquelynBolen
4879,claireviall
4880,RepJimmyPanetta
4881,Liz8591
4882,Kimberly_Esp
4883,DorisMatsui
4884,lizboaamsterdam
4885,ZackMMarshall
4886,amhoop
4887,RachelFey
4888,kissingfauna
4889,natalie248
4890,dandydragonfly
4891,kvconner
4892,lizskoski
4893,jacpol
4894,SMIRepr
4895,marakuhne
4896,JanRN610
4897,SweeMarie68
4898,HammerinHal
4899,navygirljax
4900,CoopsJ99
4901,theemegadee
4902,mandalyn_yinger
4903,glaindochefigar
4904,promises4progre
4905,seventytwodays
4906,ladydick_
4907,laurirose
4908,SeeAprilWork
4909,camrleonard
4910,sarahcoentuff
4911,CC_KAL
4912,dhaze15
4913,Klcprice
4914,JG4Justice
4915,amykelbick
4916,DocEMurray
4917,Oca_Gurl
4918,LouDoench
4919,CR_LF
4920,a_nouga
4921,paitlynkroner
4922,ashleyerin_a
4923,jennycfab
4924,jesswilliamssd
4925,tomjenkinsacts
4926,grumpy2481
4927,freeandclear1
4928,AllieFeldman212
4929,KayleeKirsch
4930,gabstergee
4931,littlestwilson
4932,rhr7777
4933,RuthNBetty
4934,eak919
4935,savage_azn
4936,lsokeefe44
4937,stephy1771
4938,AllyBoguhn
4939,theFword527
4940,KmSmmns
4941,gherklyn
4942,edenps
4943,MikeZ37
4944,kyrahaychapman
4945,msmendezbrady
4946,katorigasuki
4947,intransit___
4948,tracypalooza2
4949,emily_FEL
4950,shame_y
4951,katesgifford
4952,FREEaggies
4953,dinatitus
4954,megschurr
4955,SallyFinneran
4956,AllAboveAll
4957,RSwirling
4958,am11265
4959,GeorgeanneUsova
4960,MCinDC
4961,noliavega
4962,Guttmacher
4963,Italiana82
4964,mikhaelann
4965,ffloucet
4966,helmsinki
4967,aparker15
4968,azoreandoc
4969,TheWorldEgg
4970,SIECUS
4971,MarcIannSF
4972,c_bccc
4973,leahbowder
4974,morecollbell
4975,ColoradoDC
4976,philoso_her
4977,TanielDanner
4978,deesriv
4979,TeeSwanJr
4980,belladrakes
4981,MissChris121
4982,sdesantiago18
4983,NFPRHA
4984,LizMohammed
4985,RachelMiller49
4986,CAPWomen
4987,nwlc
4988,LizaLundLA
4989,prhdocs
4990,REPRORising_VA
4991,WhoIsEdwith
4992,rebelwindnyc
4993,RaeRoca
4994,danielleacorley
4995,StrongLykHeifer
4996,1MegDonovan
4997,ResistOhio
4998,SanDiegoAreaNOW
4999,VainFeminist
5000,dcfeminista
5001,melodramasmith
5002,MYEPDerek
5003,OGovaachiever
5004,AuntDeb4
5005,LisaLLindleyGMU
5006,kirstenharrell
5007,gammylovesu
5008,mjohnstonalz
5009,portraitse
5010,RyanOtto_14
5011,WmPatton
5012,ChaiKhera
5013,pauly2coffees
5014,MaggieMolasses
5015,laurelked
5016,mollycriqui
5017,tiffsiu
5018,DayCarv
5019,CaseyRoark
5020,ek_burns
5021,DrSharonBober
5022,Parkerbees
5023,LeighannC1
5024,calmdownjomarch
5025,meganbarnes2
5026,malnonne
5027,Bdioncavacas
5028,jamiebstarr
5029,guaca_moIIy
5030,RepDianaDeGette
5031,jse230
5032,Mandizzle44
5033,KeeleyRick1
5034,CanadiensFan
5035,susiemcdonnell
5036,jp_yampey
5037,pppswaction
5038,casschass
5039,PollyWebHC
5040,cassiefiveone
5041,Suziebeth22
5042,chelliepingree
5043,LeighCWhittaker
5044,Itsmee_JG
5045,inez_kaminski
5046,lynayerickson
5047,molly_molecule
5048,ShakcityMartin
5049,renayws
5050,Deezy031
5051,JenniferMcGriff
5052,erinjoc
5053,pgburner
5054,ajaynemarr
5055,Jessi_inDC
5056,TessYocom
5057,emtz86
5058,jennyko_xo
5059,upbeatprof
5060,RepKathleenRice
5061,streganona_stan
5062,kayahswanson
5063,kimyaf
5064,StephSwisher934
5065,sophiateague
5066,JoergDreweke
5067,gracenapolitano
5068,MaravillaMyra
5069,michellh4
5070,SaraLueders
5071,TheGraceRogers
5072,sarawgordon
5073,progressive_es
5074,prochoiceoregon
5075,HSBuckles
5076,CecileRichards
5077,nesto_92
5078,RepLawrence
5079,TRasmer
5080,RepJudyChu
5081,LemInTheWorld
5082,wellis68
5083,jessrthur
5084,carleegriffeth
5085,RepSchrader
5086,JoeCrowleyNY
5087,RepDelBene
5088,RepAdamSmith
5089,BradSherman
5090,joekennedy
5091,repsandylevin
5092,avowtexas
5093,agarciaditta
5094,RepDWStweets
5095,dominicds
5096,RepLoisFrankel
5097,lcollinsp
5098,AdvocatesTweets
5099,RepLujanGrisham
5100,BettyMcCollum04
5101,NARAL
5102,RepBonamici
5103,mabr930
5104,HouseDemocrats
5105,anthonyjr_
5106,RepAdams
5107,RepEliotEngel
