,HMC Following
0,danaeschulz
1,hmchvr
2,AthleticsCMS
3,akgonzal327
4,zephs_mom
5,SParkingCareers
6,erikawdyson
7,hamhatch
8,dagan_karp
9,MatinaDonaldson
10,KarlHaus
11,HaydeeLindo
12,ProfStoebel
13,themuddraker
14,hmc_dsa
15,HarveyMuddOCE
16,ProfOmarMath
17,Eliot_Bush
18,rsourspa
19,briposadas
20,elizjohansen
21,mattspencer_ee
22,XandaSchofield
23,stldenbroncofan
24,ohmaimy
25,PITraders
26,HMCDOS
27,BlaineHackman
28,hmcen_official
29,DaringRant
30,abby_korth
31,caitlin_vierra
32,rf_mehlinger
33,tony1athome
34,vanessareality
35,jtamm7
36,gavmdr
37,equan430
38,terribletasman
39,hocherie1
40,jkim720
41,InqHmc
42,claremontind
43,cmcforum
44,KGIpres
45,KeckGrad
46,hkbyoung
47,macavity42
48,JackRNewhouse
49,everner
50,raunak_pednekar
51,leslieforrrestr
52,hmcicecreambike
53,rdchambers
54,Craigni
55,LucidLunatic
56,EvanHub
57,HEKS86
58,elsweato
59,StephenBlankley
60,SoniaMinassian
61,stephani_shusta
62,moniebalogna
63,susanna_todaro
64,gmcredo1
65,EvannRamona
66,jonessurgery
67,FinalFrog
68,MsKretsch
69,gharrettwong
70,steuard
71,Aerathil
72,aocole
73,carlosdavis
74,mentaikosupaget
75,pboothe
76,jtbandes
77,yogurtearl
78,haaksmash
79,angusho
80,gdarklighter
81,emalminator
82,danwr
83,Kevin_Hainline
84,djtrindle
85,ekayfoli
86,dyong
87,mtauraso
88,eriksowa
89,siapplebaum
90,schimonster
91,MikePricePhD
92,jessibythebay
93,jtspender
94,drmorr0
95,dorianscrima
96,jeffreydrummond
97,blampin
98,franceshocutt
99,MoreLuckey
100,BernatVA
101,ecogzilla
102,fayemassen
103,UCSCshotta
104,OriginalRoyski
105,renegamero
106,xylofile
107,mermitling
108,mroadtrip
109,databiologist
110,csstevens91
111,RikuKat
112,dariyavarna
113,springHillJay
114,nabuelezam
115,cgutowsk
116,envb8
117,phasmantistes
118,monkisaurus
119,nbean8
120,joelefors5580
121,mamartin87
122,hgroshong
123,the_thagomizer
124,mattgnaizda
125,mattwodrich
126,mathematish
127,littlerobertj
128,SMRogstad
129,CelestzitePhD
130,TallReynolds
131,PeezMachine
132,BenVer_Steeg
133,tummykungz
134,astrophysicalex
135,MessengerSean
136,aem5t
137,dustinzubke
138,alienwaddle
139,cassicortez
140,rachel_howden
141,OneTechTalker
142,MaureenRuizS
143,tristanasharp
144,one000mph
145,josiahgaskin
146,bart_oegema
147,_AnneClark_
148,surprisefries
149,chrisalef
150,mckirkegaard7
151,switkesj
152,claireeohanlon
153,BirdJesusSSBM
154,paige_pruitt
155,edith_h
156,MattBMcDermott
157,AprilEHNissen
158,websterisk
159,kfhoeger
160,WarrenLanning
161,TodaDogs
162,UMakersInk
163,meganthorsen
164,TheVilleDoc
165,SumunLPendakur
166,HixonCenterHMC
167,DrDadabhoy
168,Muddspeare
169,hmcprojects
170,geico454
171,HochShanahan
172,SarcasticRover
173,MuddResLife
174,E80Proctorz
175,MuddSelfieBot
176,CSTeachingTips
177,PaulFSteinberg
178,CCBDC
179,michellecfong
180,HMC_OID
181,PaulMurata
182,TheDonutManCA
183,NASAAmes
184,profjakeshmc
185,NASAJPL
186,DeanChrisHMC
187,MariaKlawe
188,ArcTanSusan
189,ocshree
190,DavidHuie
191,LLumberjack
192,SpaceX
193,mathyawp
194,KMerithew
195,ggggbbybby
196,whatifnumbers
197,DLindblad
198,BillNye
199,hmcstudents
200,hmccis_helpdesk
201,DylanMarriner
202,AllieWynning
203,NASA
204,emarley
205,parkermiranda
206,natacado
207,kohli_anu
208,mathcirque
209,natwino
210,winternightz
211,neelfirst
212,TheSwener
213,Preckeo
214,CMCnews
215,adamkangas
216,motleycoffee
217,MuddProf
218,NicholasKCard
219,druiz_tw
220,jsharmatweets
221,bjencks
222,MarsCuriosity
223,robvwarren
224,interfectPrime
225,linjeffrey
226,BillGates
227,ozziegooen
228,typhoontarun
229,brawns214
230,bill_hewitt
231,neiltyson
232,cassiechou
233,merrdiff
234,dnak
235,th3tugboat
236,craigweidert
237,D_R_Goodwin
238,SDchemist
239,carmandrew
240,pdloftus
241,scott_triglia
242,_mcaleer
243,ianp_sf
244,mikemunson4prez
245,dmitriskj
246,mark_wilkins
247,m_rquis
248,john_chou
249,hmccis
250,galvanilegal
251,hawkerdiver
252,Kudospop
253,msmithma
254,LRefritoBandito
255,De_Ihlenfeldt
256,km_kelpe
257,marisafierro
258,jeff_manassero
259,sfmajman
260,wraavr
261,jasoncyu
262,jedisonbrussels
263,whylemon
264,HarveyMuddOCS
265,magneticcarpet
266,marksbren
267,srosenthal610
268,iamkapy
269,JosephMajkut
270,lookatphysics
271,SpencerTung
272,sberler
273,MichaelABraly
274,MarkEPhair
275,thundza
276,gregrae
277,rovertyelhsa
278,bengoldenberg
279,trivialbenj
280,amariah
281,gherschler
282,cstrieter
283,Nutriate
284,zuercher
285,ThatAndromeda
286,Ira_Feldman
287,KatheMathBio
288,NicciEduc
289,duncanbrandon
290,mohats
291,meekadjustments
292,d2xdt2
293,quartzpebble
294,esaliba21
295,jmullergeo
296,lizbethcorpuz
297,d_a_mann
298,carodefreitas
299,DivineWolfwood
300,HMCchem
301,sameerkat
302,dmclap
303,sparker1963
304,JakeOmega
305,Hutain
306,taramaylyn
307,fireshadowed
308,honnoldlibrary
309,WhiteHouseAIM
310,scrippscollege
311,caitlinolmsted
312,LazyCollegekids
313,Roguelazer
314,samps
315,SIChange
316,EngineerSellOut
317,CMCAA
318,lowellreade
319,CCdiglib
320,katemats
321,JudyAugsburger
322,cmachler
323,muddraker
324,MalbroughR
325,benfrantzdale
326,renfrowk
327,hotandcool_v
328,lumminess
329,yodprotan
330,jajacobs15
331,URSpiderNetwork
332,prototype27
333,hollyhight
334,Anymustang
335,HarveyLesser
336,bsn47
337,OctaviSemonin
338,cha5on
339,GeGalanop
340,dgroseph
341,NicheSocial
342,ddrhobbit
343,conorsen
344,5Ctweets
345,hmcafter5
346,day9tv
347,lhivewire
348,madelsmadel
349,Sci_Computing
350,shobanagowri
351,madgamerdoctor
352,LegsFeedaWOLF
353,GlenHastings
354,dylaneasley
355,dgruver
356,HMCFletch
357,aaronnamba
358,LadioftheCanyon
359,memnus
360,Kirinn
361,drjain
362,dr_tj
363,ron_z
364,jdfennell
365,Hilkemeyer
366,hughfitzgerald
367,anbak
368,SalixWrosette
369,clayforearth
370,NotThatNeil
371,kevinota
372,aseopro
373,alexkorn
374,Kyliebaby3
375,revengamin
376,andrewvcf
377,mjeffryes
378,TheAdjustment
379,leadership365
380,HamcoFireworks
381,katemakesfilms
382,dcgore
383,ericburkhart
384,Zane_Montgomery
385,johntlawlor
386,muddieone
387,scbwatkins
388,missy1011
389,barbershopnews
390,BrendaMBreen
391,leneis
392,CjRipped
393,FranklinSantos1
394,xxxrebecca
395,veljibear
396,wtfischer
397,GrayAndy
398,grasshapa
399,KCschilling
400,wtoolson
401,DruckerSchool
402,tiyusufaly
403,dondavidson
404,askForCharon
405,marty_field
406,genaurowsky
407,PeterOliphant
408,theWongstar
409,ptrae
410,sarahthetravelr
411,joanne678
412,fromthemargins
413,AmyReidStar
414,20lbcat
415,studdex
416,chenluke
417,jakefoxe
418,TSLnews
419,YesMarielle
420,karmanya
421,Goobergunch
422,EnviroEngineer
423,Adkins_657
424,Foley_593
425,UnaLucas835
426,judyaugs
427,Huffman_3555
428,maryputnam
429,djdiaz
430,ColRel
431,JeffreyLin
432,pitzercollege
433,suchxnonsense
434,agembox
435,jessicaekath
436,pomonacollege
437,pjg321
438,KevinGlavin
439,sboegema
440,RalphvanM
441,M_L_G
442,harveymudd
